UNIQUE CODE,STATE,BALLOT TYPE,PARLIAMENTARY CONSTITUENCY CODE,PARLIAMENTARY CONSTITUENCY NAME,STATE CONSTITUENCY CODE,STATE CONSTITUENCY NAME,POLLING DISTRICT CODE,POLLING DISTRICT NAME,POLLING CENTRE,VOTING CHANNEL NUMBER,TOTAL BALLOTS ISSUED,PH,PH CANDIDATE,PH CANDIDATE SEX,PH CANDIDATE AGE,PH VOTE,OTHER PARTY (1),OTHER PARTY (1) CANDIDATE,OTHER PARTY (1) CANDIDATE SEX,OTHER PARTY (1) CANDIDATE AGE,OTHER PARTY (1) VOTE,INDEPENDENT (1) ,INDEPENDENT (1) CANDIDATE,INDEPENDENT (1) CANDIDATE SEX,INDEPENDENT (1) CANDIDATE AGE,INDEPENDENT (1) VOTE,INDEPENDENT (2) ,INDEPENDENT (2) CANDIDATE,INDEPENDENT (2) CANDIDATE SEX,INDEPENDENT (2) CANDIDATE AGE,INDEPENDENT (2) VOTE,INDEPENDENT (3) ,INDEPENDENT (3) CANDIDATE,INDEPENDENT (3) CANDIDATE SEX,INDEPENDENT (3) CANDIDATE AGE,INDEPENDENT (3) VOTE,TOTAL VALID VOTES,TOTAL REJECTED VOTES,TOTAL UNRETURNED BALLOTS,match valid,match total
P.186_P.186/POSTAL VOTE_186/45/UNDI POS_1,SABAH,POSTAL VOTE,P.186,SANDAKAN,P.186/POSTAL VOTE,POSTAL VOTE,186/45/UNDI POS,UNDI POS,UNDI POS,1,177,DAP,VIVIAN WONG SHIR YEE,FEMALE,30,106,PBS,LINDA TSEN THAU LIN,FEMALE,64,32,INDEPENDENT - TREE,HJ. HAMZAH HJ.ABDULLAH,MALE,65,9,INDEPENDENT - CHAIR,SULAIMAN BIN ABDUL SAMAT,MALE,36,3,INDEPENDENT - KEY,CHIA SIEW YUNG,MALE,46,1,151,10,16,1,1
P.186_N.45_186/45/00_1,SABAH,EARLY VOTE,P.186,SANDAKAN,N.45,ELOPURA,186/45/00,UNDI AWAL,RUMAH KELAB IPD SANDAKAN,1,62,DAP,VIVIAN WONG SHIR YEE,FEMALE,30,30,PBS,LINDA TSEN THAU LIN,FEMALE,64,27,INDEPENDENT - TREE,HJ. HAMZAH HJ.ABDULLAH,MALE,65,4,INDEPENDENT - CHAIR,SULAIMAN BIN ABDUL SAMAT,MALE,36,0,INDEPENDENT - KEY,CHIA SIEW YUNG,MALE,46,0,61,1,0,1,1
P.186_N.46_186/46/00_1,SABAH,EARLY VOTE,P.186,SANDAKAN,N.46,TANJONG PAPAT,186/46/00,UNDI AWAL,MES PEGAWAI KANAN PASUKAN POLIS MARIN,1,143,DAP,VIVIAN WONG SHIR YEE,FEMALE,30,51,PBS,LINDA TSEN THAU LIN,FEMALE,64,72,INDEPENDENT - TREE,HJ. HAMZAH HJ.ABDULLAH,MALE,65,16,INDEPENDENT - CHAIR,SULAIMAN BIN ABDUL SAMAT,MALE,36,2,INDEPENDENT - KEY,CHIA SIEW YUNG,MALE,46,1,142,1,0,1,1
P.186_N.45_186/45/01_1a,SABAH,ORDINARY VOTE,P.186,SANDAKAN,N.45,ELOPURA,186/45/01,TAMAN INDAH JAYA,SEKOLAH MENENGAH KEBANGSAAN MUHIBBAH,1,234,DAP,VIVIAN WONG SHIR YEE,FEMALE,30,188,PBS,LINDA TSEN THAU LIN,FEMALE,64,36,INDEPENDENT - TREE,HJ. HAMZAH HJ.ABDULLAH,MALE,65,7,INDEPENDENT - CHAIR,SULAIMAN BIN ABDUL SAMAT,MALE,36,0,INDEPENDENT - KEY,CHIA SIEW YUNG,MALE,46,2,233,1,0,1,1
P.186_N.45_186/45/01_2a,SABAH,ORDINARY VOTE,P.186,SANDAKAN,N.45,ELOPURA,186/45/01,TAMAN INDAH JAYA,SEKOLAH MENENGAH KEBANGSAAN MUHIBBAH,2,221,DAP,VIVIAN WONG SHIR YEE,FEMALE,30,165,PBS,LINDA TSEN THAU LIN,FEMALE,64,36,INDEPENDENT - TREE,HJ. HAMZAH HJ.ABDULLAH,MALE,65,18,INDEPENDENT - CHAIR,SULAIMAN BIN ABDUL SAMAT,MALE,36,0,INDEPENDENT - KEY,CHIA SIEW YUNG,MALE,46,1,220,1,0,1,1
P.186_N.45_186/45/01_3a,SABAH,ORDINARY VOTE,P.186,SANDAKAN,N.45,ELOPURA,186/45/01,TAMAN INDAH JAYA,SEKOLAH MENENGAH KEBANGSAAN MUHIBBAH,3,211,DAP,VIVIAN WONG SHIR YEE,FEMALE,30,165,PBS,LINDA TSEN THAU LIN,FEMALE,64,34,INDEPENDENT - TREE,HJ. HAMZAH HJ.ABDULLAH,MALE,65,11,INDEPENDENT - CHAIR,SULAIMAN BIN ABDUL SAMAT,MALE,36,1,INDEPENDENT - KEY,CHIA SIEW YUNG,MALE,46,0,211,0,0,1,1
P.186_N.45_186/45/01_4a,SABAH,ORDINARY VOTE,P.186,SANDAKAN,N.45,ELOPURA,186/45/01,TAMAN INDAH JAYA,SEKOLAH MENENGAH KEBANGSAAN MUHIBBAH,4,200,DAP,VIVIAN WONG SHIR YEE,FEMALE,30,140,PBS,LINDA TSEN THAU LIN,FEMALE,64,40,INDEPENDENT - TREE,HJ. HAMZAH HJ.ABDULLAH,MALE,65,16,INDEPENDENT - CHAIR,SULAIMAN BIN ABDUL SAMAT,MALE,36,1,INDEPENDENT - KEY,CHIA SIEW YUNG,MALE,46,1,198,2,0,1,1
P.186_N.45_186/45/01_5a,SABAH,ORDINARY VOTE,P.186,SANDAKAN,N.45,ELOPURA,186/45/01,TAMAN INDAH JAYA,SEKOLAH MENENGAH KEBANGSAAN MUHIBBAH,5,184,DAP,VIVIAN WONG SHIR YEE,FEMALE,30,129,PBS,LINDA TSEN THAU LIN,FEMALE,64,43,INDEPENDENT - TREE,HJ. HAMZAH HJ.ABDULLAH,MALE,65,11,INDEPENDENT - CHAIR,SULAIMAN BIN ABDUL SAMAT,MALE,36,0,INDEPENDENT - KEY,CHIA SIEW YUNG,MALE,46,0,183,1,0,1,1
P.186_N.45_186/45/01_6a,SABAH,ORDINARY VOTE,P.186,SANDAKAN,N.45,ELOPURA,186/45/01,TAMAN INDAH JAYA,SEKOLAH MENENGAH KEBANGSAAN MUHIBBAH,6,170,DAP,VIVIAN WONG SHIR YEE,FEMALE,30,126,PBS,LINDA TSEN THAU LIN,FEMALE,64,34,INDEPENDENT - TREE,HJ. HAMZAH HJ.ABDULLAH,MALE,65,4,INDEPENDENT - CHAIR,SULAIMAN BIN ABDUL SAMAT,MALE,36,1,INDEPENDENT - KEY,CHIA SIEW YUNG,MALE,46,4,169,1,0,1,1
P.186_N.45_186/45/01_1b,SABAH,ORDINARY VOTE,P.186,SANDAKAN,N.45,ELOPURA,186/45/01,TAMAN INDAH JAYA,SEKOLAH KEBANGSAAN MUHIBBAH,1,230,DAP,VIVIAN WONG SHIR YEE,FEMALE,30,124,PBS,LINDA TSEN THAU LIN,FEMALE,64,76,INDEPENDENT - TREE,HJ. HAMZAH HJ.ABDULLAH,MALE,65,18,INDEPENDENT - CHAIR,SULAIMAN BIN ABDUL SAMAT,MALE,36,4,INDEPENDENT - KEY,CHIA SIEW YUNG,MALE,46,2,224,6,0,1,1
P.186_N.45_186/45/01_2b,SABAH,ORDINARY VOTE,P.186,SANDAKAN,N.45,ELOPURA,186/45/01,TAMAN INDAH JAYA,SEKOLAH KEBANGSAAN MUHIBBAH,2,246,DAP,VIVIAN WONG SHIR YEE,FEMALE,30,162,PBS,LINDA TSEN THAU LIN,FEMALE,64,61,INDEPENDENT - TREE,HJ. HAMZAH HJ.ABDULLAH,MALE,65,12,INDEPENDENT - CHAIR,SULAIMAN BIN ABDUL SAMAT,MALE,36,6,INDEPENDENT - KEY,CHIA SIEW YUNG,MALE,46,1,242,4,0,1,1
P.186_N.45_186/45/01_3b,SABAH,ORDINARY VOTE,P.186,SANDAKAN,N.45,ELOPURA,186/45/01,TAMAN INDAH JAYA,SEKOLAH KEBANGSAAN MUHIBBAH,3,212,DAP,VIVIAN WONG SHIR YEE,FEMALE,30,113,PBS,LINDA TSEN THAU LIN,FEMALE,64,68,INDEPENDENT - TREE,HJ. HAMZAH HJ.ABDULLAH,MALE,65,17,INDEPENDENT - CHAIR,SULAIMAN BIN ABDUL SAMAT,MALE,36,5,INDEPENDENT - KEY,CHIA SIEW YUNG,MALE,46,5,208,4,0,1,1
P.186_N.45_186/45/01_4b,SABAH,ORDINARY VOTE,P.186,SANDAKAN,N.45,ELOPURA,186/45/01,TAMAN INDAH JAYA,SEKOLAH KEBANGSAAN MUHIBBAH,4,182,DAP,VIVIAN WONG SHIR YEE,FEMALE,30,99,PBS,LINDA TSEN THAU LIN,FEMALE,64,49,INDEPENDENT - TREE,HJ. HAMZAH HJ.ABDULLAH,MALE,65,23,INDEPENDENT - CHAIR,SULAIMAN BIN ABDUL SAMAT,MALE,36,5,INDEPENDENT - KEY,CHIA SIEW YUNG,MALE,46,1,177,5,0,1,1
P.186_N.45_186/45/02_1,SABAH,ORDINARY VOTE,P.186,SANDAKAN,N.45,ELOPURA,186/45/02,BEATRICE,SEKOLAH MENENGAH KEBANGSAAN KONVEN ST CECILIA,1,198,DAP,VIVIAN WONG SHIR YEE,FEMALE,30,158,PBS,LINDA TSEN THAU LIN,FEMALE,64,32,INDEPENDENT - TREE,HJ. HAMZAH HJ.ABDULLAH,MALE,65,4,INDEPENDENT - CHAIR,SULAIMAN BIN ABDUL SAMAT,MALE,36,1,INDEPENDENT - KEY,CHIA SIEW YUNG,MALE,46,0,195,3,0,1,1
P.186_N.45_186/45/02_2,SABAH,ORDINARY VOTE,P.186,SANDAKAN,N.45,ELOPURA,186/45/02,BEATRICE,SEKOLAH MENENGAH KEBANGSAAN KONVEN ST CECILIA,2,226,DAP,VIVIAN WONG SHIR YEE,FEMALE,30,190,PBS,LINDA TSEN THAU LIN,FEMALE,64,34,INDEPENDENT - TREE,HJ. HAMZAH HJ.ABDULLAH,MALE,65,1,INDEPENDENT - CHAIR,SULAIMAN BIN ABDUL SAMAT,MALE,36,0,INDEPENDENT - KEY,CHIA SIEW YUNG,MALE,46,0,225,1,0,1,1
P.186_N.45_186/45/02_3,SABAH,ORDINARY VOTE,P.186,SANDAKAN,N.45,ELOPURA,186/45/02,BEATRICE,SEKOLAH MENENGAH KEBANGSAAN KONVEN ST CECILIA,3,313,DAP,VIVIAN WONG SHIR YEE,FEMALE,30,240,PBS,LINDA TSEN THAU LIN,FEMALE,64,58,INDEPENDENT - TREE,HJ. HAMZAH HJ.ABDULLAH,MALE,65,9,INDEPENDENT - CHAIR,SULAIMAN BIN ABDUL SAMAT,MALE,36,2,INDEPENDENT - KEY,CHIA SIEW YUNG,MALE,46,2,311,2,0,1,1
P.186_N.45_186/45/02_4,SABAH,ORDINARY VOTE,P.186,SANDAKAN,N.45,ELOPURA,186/45/02,BEATRICE,SEKOLAH MENENGAH KEBANGSAAN KONVEN ST CECILIA,4,285,DAP,VIVIAN WONG SHIR YEE,FEMALE,30,204,PBS,LINDA TSEN THAU LIN,FEMALE,64,70,INDEPENDENT - TREE,HJ. HAMZAH HJ.ABDULLAH,MALE,65,8,INDEPENDENT - CHAIR,SULAIMAN BIN ABDUL SAMAT,MALE,36,0,INDEPENDENT - KEY,CHIA SIEW YUNG,MALE,46,0,282,3,0,1,1
P.186_N.45_186/45/02_5,SABAH,ORDINARY VOTE,P.186,SANDAKAN,N.45,ELOPURA,186/45/02,BEATRICE,SEKOLAH MENENGAH KEBANGSAAN KONVEN ST CECILIA,5,221,DAP,VIVIAN WONG SHIR YEE,FEMALE,30,144,PBS,LINDA TSEN THAU LIN,FEMALE,64,58,INDEPENDENT - TREE,HJ. HAMZAH HJ.ABDULLAH,MALE,65,7,INDEPENDENT - CHAIR,SULAIMAN BIN ABDUL SAMAT,MALE,36,3,INDEPENDENT - KEY,CHIA SIEW YUNG,MALE,46,1,213,8,0,1,1
P.186_N.45_186/45/03_1,SABAH,ORDINARY VOTE,P.186,SANDAKAN,N.45,ELOPURA,186/45/03,BATU 1 JALAN UTARA,SEKOLAH JENIS KEBANGSAAN (CINA) CHI HWA,1,130,DAP,VIVIAN WONG SHIR YEE,FEMALE,30,117,PBS,LINDA TSEN THAU LIN,FEMALE,64,11,INDEPENDENT - TREE,HJ. HAMZAH HJ.ABDULLAH,MALE,65,0,INDEPENDENT - CHAIR,SULAIMAN BIN ABDUL SAMAT,MALE,36,0,INDEPENDENT - KEY,CHIA SIEW YUNG,MALE,46,1,129,1,0,1,1
P.186_N.45_186/45/03_2,SABAH,ORDINARY VOTE,P.186,SANDAKAN,N.45,ELOPURA,186/45/03,BATU 1 JALAN UTARA,SEKOLAH JENIS KEBANGSAAN (CINA) CHI HWA,2,208,DAP,VIVIAN WONG SHIR YEE,FEMALE,30,178,PBS,LINDA TSEN THAU LIN,FEMALE,64,25,INDEPENDENT - TREE,HJ. HAMZAH HJ.ABDULLAH,MALE,65,1,INDEPENDENT - CHAIR,SULAIMAN BIN ABDUL SAMAT,MALE,36,0,INDEPENDENT - KEY,CHIA SIEW YUNG,MALE,46,2,206,2,0,1,1
P.186_N.45_186/45/03_3,SABAH,ORDINARY VOTE,P.186,SANDAKAN,N.45,ELOPURA,186/45/03,BATU 1 JALAN UTARA,SEKOLAH JENIS KEBANGSAAN (CINA) CHI HWA,3,285,DAP,VIVIAN WONG SHIR YEE,FEMALE,30,257,PBS,LINDA TSEN THAU LIN,FEMALE,64,25,INDEPENDENT - TREE,HJ. HAMZAH HJ.ABDULLAH,MALE,65,2,INDEPENDENT - CHAIR,SULAIMAN BIN ABDUL SAMAT,MALE,36,0,INDEPENDENT - KEY,CHIA SIEW YUNG,MALE,46,1,285,0,0,1,1
P.186_N.45_186/45/03_4,SABAH,ORDINARY VOTE,P.186,SANDAKAN,N.45,ELOPURA,186/45/03,BATU 1 JALAN UTARA,SEKOLAH JENIS KEBANGSAAN (CINA) CHI HWA,4,305,DAP,VIVIAN WONG SHIR YEE,FEMALE,30,270,PBS,LINDA TSEN THAU LIN,FEMALE,64,25,INDEPENDENT - TREE,HJ. HAMZAH HJ.ABDULLAH,MALE,65,8,INDEPENDENT - CHAIR,SULAIMAN BIN ABDUL SAMAT,MALE,36,1,INDEPENDENT - KEY,CHIA SIEW YUNG,MALE,46,1,305,0,0,1,1
P.186_N.45_186/45/03_5,SABAH,ORDINARY VOTE,P.186,SANDAKAN,N.45,ELOPURA,186/45/03,BATU 1 JALAN UTARA,SEKOLAH JENIS KEBANGSAAN (CINA) CHI HWA,5,239,DAP,VIVIAN WONG SHIR YEE,FEMALE,30,189,PBS,LINDA TSEN THAU LIN,FEMALE,64,38,INDEPENDENT - TREE,HJ. HAMZAH HJ.ABDULLAH,MALE,65,11,INDEPENDENT - CHAIR,SULAIMAN BIN ABDUL SAMAT,MALE,36,1,INDEPENDENT - KEY,CHIA SIEW YUNG,MALE,46,0,239,0,0,1,1
P.186_N.45_186/45/04_1,SABAH,ORDINARY VOTE,P.186,SANDAKAN,N.45,ELOPURA,186/45/04,BATU 2 JALAN UTARA,SEKOLAH MENENGAH KEBANGSAAN SANDAKAN,1,128,DAP,VIVIAN WONG SHIR YEE,FEMALE,30,107,PBS,LINDA TSEN THAU LIN,FEMALE,64,14,INDEPENDENT - TREE,HJ. HAMZAH HJ.ABDULLAH,MALE,65,3,INDEPENDENT - CHAIR,SULAIMAN BIN ABDUL SAMAT,MALE,36,0,INDEPENDENT - KEY,CHIA SIEW YUNG,MALE,46,1,125,3,0,1,1
P.186_N.45_186/45/04_2,SABAH,ORDINARY VOTE,P.186,SANDAKAN,N.45,ELOPURA,186/45/04,BATU 2 JALAN UTARA,SEKOLAH MENENGAH KEBANGSAAN SANDAKAN,2,217,DAP,VIVIAN WONG SHIR YEE,FEMALE,30,195,PBS,LINDA TSEN THAU LIN,FEMALE,64,20,INDEPENDENT - TREE,HJ. HAMZAH HJ.ABDULLAH,MALE,65,1,INDEPENDENT - CHAIR,SULAIMAN BIN ABDUL SAMAT,MALE,36,0,INDEPENDENT - KEY,CHIA SIEW YUNG,MALE,46,1,217,0,0,1,1
P.186_N.45_186/45/04_3,SABAH,ORDINARY VOTE,P.186,SANDAKAN,N.45,ELOPURA,186/45/04,BATU 2 JALAN UTARA,SEKOLAH MENENGAH KEBANGSAAN SANDAKAN,3,321,DAP,VIVIAN WONG SHIR YEE,FEMALE,30,251,PBS,LINDA TSEN THAU LIN,FEMALE,64,63,INDEPENDENT - TREE,HJ. HAMZAH HJ.ABDULLAH,MALE,65,5,INDEPENDENT - CHAIR,SULAIMAN BIN ABDUL SAMAT,MALE,36,1,INDEPENDENT - KEY,CHIA SIEW YUNG,MALE,46,0,320,1,0,1,1
P.186_N.45_186/45/04_4,SABAH,ORDINARY VOTE,P.186,SANDAKAN,N.45,ELOPURA,186/45/04,BATU 2 JALAN UTARA,SEKOLAH MENENGAH KEBANGSAAN SANDAKAN,4,335,DAP,VIVIAN WONG SHIR YEE,FEMALE,30,244,PBS,LINDA TSEN THAU LIN,FEMALE,64,75,INDEPENDENT - TREE,HJ. HAMZAH HJ.ABDULLAH,MALE,65,8,INDEPENDENT - CHAIR,SULAIMAN BIN ABDUL SAMAT,MALE,36,2,INDEPENDENT - KEY,CHIA SIEW YUNG,MALE,46,2,331,4,0,1,1
P.186_N.45_186/45/04_5,SABAH,ORDINARY VOTE,P.186,SANDAKAN,N.45,ELOPURA,186/45/04,BATU 2 JALAN UTARA,SEKOLAH MENENGAH KEBANGSAAN SANDAKAN,5,309,DAP,VIVIAN WONG SHIR YEE,FEMALE,30,232,PBS,LINDA TSEN THAU LIN,FEMALE,64,58,INDEPENDENT - TREE,HJ. HAMZAH HJ.ABDULLAH,MALE,65,12,INDEPENDENT - CHAIR,SULAIMAN BIN ABDUL SAMAT,MALE,36,3,INDEPENDENT - KEY,CHIA SIEW YUNG,MALE,46,3,308,1,0,1,1
P.186_N.45_186/45/04_6,SABAH,ORDINARY VOTE,P.186,SANDAKAN,N.45,ELOPURA,186/45/04,BATU 2 JALAN UTARA,SEKOLAH MENENGAH KEBANGSAAN SANDAKAN,6,238,DAP,VIVIAN WONG SHIR YEE,FEMALE,30,153,PBS,LINDA TSEN THAU LIN,FEMALE,64,67,INDEPENDENT - TREE,HJ. HAMZAH HJ.ABDULLAH,MALE,65,18,INDEPENDENT - CHAIR,SULAIMAN BIN ABDUL SAMAT,MALE,36,0,INDEPENDENT - KEY,CHIA SIEW YUNG,MALE,46,0,238,0,0,1,1
P.186_N.45_186/45/04_7,SABAH,ORDINARY VOTE,P.186,SANDAKAN,N.45,ELOPURA,186/45/04,BATU 2 JALAN UTARA,SEKOLAH MENENGAH KEBANGSAAN SANDAKAN,7,218,DAP,VIVIAN WONG SHIR YEE,FEMALE,30,114,PBS,LINDA TSEN THAU LIN,FEMALE,64,74,INDEPENDENT - TREE,HJ. HAMZAH HJ.ABDULLAH,MALE,65,18,INDEPENDENT - CHAIR,SULAIMAN BIN ABDUL SAMAT,MALE,36,1,INDEPENDENT - KEY,CHIA SIEW YUNG,MALE,46,7,214,4,0,1,1
P.186_N.45_186/45/05_1,SABAH,ORDINARY VOTE,P.186,SANDAKAN,N.45,ELOPURA,186/45/05,TRIG HILL,SEKOLAH MENENGAH KEBANGSAAN SUNG SIEW,1,186,DAP,VIVIAN WONG SHIR YEE,FEMALE,30,169,PBS,LINDA TSEN THAU LIN,FEMALE,64,12,INDEPENDENT - TREE,HJ. HAMZAH HJ.ABDULLAH,MALE,65,2,INDEPENDENT - CHAIR,SULAIMAN BIN ABDUL SAMAT,MALE,36,0,INDEPENDENT - KEY,CHIA SIEW YUNG,MALE,46,1,184,2,0,1,1
P.186_N.45_186/45/05_2,SABAH,ORDINARY VOTE,P.186,SANDAKAN,N.45,ELOPURA,186/45/05,TRIG HILL,SEKOLAH MENENGAH KEBANGSAAN SUNG SIEW,2,323,DAP,VIVIAN WONG SHIR YEE,FEMALE,30,291,PBS,LINDA TSEN THAU LIN,FEMALE,64,28,INDEPENDENT - TREE,HJ. HAMZAH HJ.ABDULLAH,MALE,65,2,INDEPENDENT - CHAIR,SULAIMAN BIN ABDUL SAMAT,MALE,36,0,INDEPENDENT - KEY,CHIA SIEW YUNG,MALE,46,1,322,1,0,1,1
P.186_N.45_186/45/05_3,SABAH,ORDINARY VOTE,P.186,SANDAKAN,N.45,ELOPURA,186/45/05,TRIG HILL,SEKOLAH MENENGAH KEBANGSAAN SUNG SIEW,3,296,DAP,VIVIAN WONG SHIR YEE,FEMALE,30,252,PBS,LINDA TSEN THAU LIN,FEMALE,64,40,INDEPENDENT - TREE,HJ. HAMZAH HJ.ABDULLAH,MALE,65,2,INDEPENDENT - CHAIR,SULAIMAN BIN ABDUL SAMAT,MALE,36,1,INDEPENDENT - KEY,CHIA SIEW YUNG,MALE,46,0,295,1,0,1,1
P.186_N.45_186/45/05_4,SABAH,ORDINARY VOTE,P.186,SANDAKAN,N.45,ELOPURA,186/45/05,TRIG HILL,SEKOLAH MENENGAH KEBANGSAAN SUNG SIEW,4,209,DAP,VIVIAN WONG SHIR YEE,FEMALE,30,166,PBS,LINDA TSEN THAU LIN,FEMALE,64,35,INDEPENDENT - TREE,HJ. HAMZAH HJ.ABDULLAH,MALE,65,3,INDEPENDENT - CHAIR,SULAIMAN BIN ABDUL SAMAT,MALE,36,1,INDEPENDENT - KEY,CHIA SIEW YUNG,MALE,46,3,208,1,0,1,1
P.186_N.45_186/45/06_1,SABAH,ORDINARY VOTE,P.186,SANDAKAN,N.45,ELOPURA,186/45/06,JALAN UTARA,SEKOLAH MENENGAH YU YUAN,1,218,DAP,VIVIAN WONG SHIR YEE,FEMALE,30,185,PBS,LINDA TSEN THAU LIN,FEMALE,64,30,INDEPENDENT - TREE,HJ. HAMZAH HJ.ABDULLAH,MALE,65,1,INDEPENDENT - CHAIR,SULAIMAN BIN ABDUL SAMAT,MALE,36,0,INDEPENDENT - KEY,CHIA SIEW YUNG,MALE,46,1,217,1,0,1,1
P.186_N.45_186/45/06_2,SABAH,ORDINARY VOTE,P.186,SANDAKAN,N.45,ELOPURA,186/45/06,JALAN UTARA,SEKOLAH MENENGAH YU YUAN,2,225,DAP,VIVIAN WONG SHIR YEE,FEMALE,30,188,PBS,LINDA TSEN THAU LIN,FEMALE,64,28,INDEPENDENT - TREE,HJ. HAMZAH HJ.ABDULLAH,MALE,65,6,INDEPENDENT - CHAIR,SULAIMAN BIN ABDUL SAMAT,MALE,36,1,INDEPENDENT - KEY,CHIA SIEW YUNG,MALE,46,1,224,1,0,1,1
P.186_N.45_186/45/06_3,SABAH,ORDINARY VOTE,P.186,SANDAKAN,N.45,ELOPURA,186/45/06,JALAN UTARA,SEKOLAH MENENGAH YU YUAN,3,322,DAP,VIVIAN WONG SHIR YEE,FEMALE,30,243,PBS,LINDA TSEN THAU LIN,FEMALE,64,61,INDEPENDENT - TREE,HJ. HAMZAH HJ.ABDULLAH,MALE,65,15,INDEPENDENT - CHAIR,SULAIMAN BIN ABDUL SAMAT,MALE,36,1,INDEPENDENT - KEY,CHIA SIEW YUNG,MALE,46,0,320,2,0,1,1
P.186_N.45_186/45/06_4,SABAH,ORDINARY VOTE,P.186,SANDAKAN,N.45,ELOPURA,186/45/06,JALAN UTARA,SEKOLAH MENENGAH YU YUAN,4,301,DAP,VIVIAN WONG SHIR YEE,FEMALE,30,232,PBS,LINDA TSEN THAU LIN,FEMALE,64,50,INDEPENDENT - TREE,HJ. HAMZAH HJ.ABDULLAH,MALE,65,12,INDEPENDENT - CHAIR,SULAIMAN BIN ABDUL SAMAT,MALE,36,1,INDEPENDENT - KEY,CHIA SIEW YUNG,MALE,46,2,297,4,0,1,1
P.186_N.45_186/45/06_5,SABAH,ORDINARY VOTE,P.186,SANDAKAN,N.45,ELOPURA,186/45/06,JALAN UTARA,SEKOLAH MENENGAH YU YUAN,5,262,DAP,VIVIAN WONG SHIR YEE,FEMALE,30,193,PBS,LINDA TSEN THAU LIN,FEMALE,64,53,INDEPENDENT - TREE,HJ. HAMZAH HJ.ABDULLAH,MALE,65,11,INDEPENDENT - CHAIR,SULAIMAN BIN ABDUL SAMAT,MALE,36,1,INDEPENDENT - KEY,CHIA SIEW YUNG,MALE,46,2,260,2,0,1,1
P.186_N.45_186/45/06_6,SABAH,ORDINARY VOTE,P.186,SANDAKAN,N.45,ELOPURA,186/45/06,JALAN UTARA,SEKOLAH MENENGAH YU YUAN,6,196,DAP,VIVIAN WONG SHIR YEE,FEMALE,30,128,PBS,LINDA TSEN THAU LIN,FEMALE,64,48,INDEPENDENT - TREE,HJ. HAMZAH HJ.ABDULLAH,MALE,65,13,INDEPENDENT - CHAIR,SULAIMAN BIN ABDUL SAMAT,MALE,36,4,INDEPENDENT - KEY,CHIA SIEW YUNG,MALE,46,2,195,1,0,1,1
P.186_N.45_186/45/06_7,SABAH,ORDINARY VOTE,P.186,SANDAKAN,N.45,ELOPURA,186/45/06,JALAN UTARA,SEKOLAH MENENGAH YU YUAN,7,198,DAP,VIVIAN WONG SHIR YEE,FEMALE,30,131,PBS,LINDA TSEN THAU LIN,FEMALE,64,43,INDEPENDENT - TREE,HJ. HAMZAH HJ.ABDULLAH,MALE,65,17,INDEPENDENT - CHAIR,SULAIMAN BIN ABDUL SAMAT,MALE,36,2,INDEPENDENT - KEY,CHIA SIEW YUNG,MALE,46,0,193,5,0,1,1
P.186_N.45_186/45/06_8,SABAH,ORDINARY VOTE,P.186,SANDAKAN,N.45,ELOPURA,186/45/06,JALAN UTARA,SEKOLAH MENENGAH YU YUAN,8,200,DAP,VIVIAN WONG SHIR YEE,FEMALE,30,116,PBS,LINDA TSEN THAU LIN,FEMALE,64,63,INDEPENDENT - TREE,HJ. HAMZAH HJ.ABDULLAH,MALE,65,13,INDEPENDENT - CHAIR,SULAIMAN BIN ABDUL SAMAT,MALE,36,2,INDEPENDENT - KEY,CHIA SIEW YUNG,MALE,46,3,197,3,0,1,1
P.186_N.45_186/45/07_1,SABAH,ORDINARY VOTE,P.186,SANDAKAN,N.45,ELOPURA,186/45/07,PECKY VALLEY,SEKOLAH MENENGAH KEBANGSAAN ST MARY SANDAKAN,1,188,DAP,VIVIAN WONG SHIR YEE,FEMALE,30,135,PBS,LINDA TSEN THAU LIN,FEMALE,64,44,INDEPENDENT - TREE,HJ. HAMZAH HJ.ABDULLAH,MALE,65,5,INDEPENDENT - CHAIR,SULAIMAN BIN ABDUL SAMAT,MALE,36,2,INDEPENDENT - KEY,CHIA SIEW YUNG,MALE,46,1,187,1,0,1,1
P.186_N.45_186/45/07_2,SABAH,ORDINARY VOTE,P.186,SANDAKAN,N.45,ELOPURA,186/45/07,PECKY VALLEY,SEKOLAH MENENGAH KEBANGSAAN ST MARY SANDAKAN,2,214,DAP,VIVIAN WONG SHIR YEE,FEMALE,30,141,PBS,LINDA TSEN THAU LIN,FEMALE,64,62,INDEPENDENT - TREE,HJ. HAMZAH HJ.ABDULLAH,MALE,65,6,INDEPENDENT - CHAIR,SULAIMAN BIN ABDUL SAMAT,MALE,36,0,INDEPENDENT - KEY,CHIA SIEW YUNG,MALE,46,3,212,2,0,1,1
P.186_N.45_186/45/07_3,SABAH,ORDINARY VOTE,P.186,SANDAKAN,N.45,ELOPURA,186/45/07,PECKY VALLEY,SEKOLAH MENENGAH KEBANGSAAN ST MARY SANDAKAN,3,296,DAP,VIVIAN WONG SHIR YEE,FEMALE,30,186,PBS,LINDA TSEN THAU LIN,FEMALE,64,92,INDEPENDENT - TREE,HJ. HAMZAH HJ.ABDULLAH,MALE,65,9,INDEPENDENT - CHAIR,SULAIMAN BIN ABDUL SAMAT,MALE,36,2,INDEPENDENT - KEY,CHIA SIEW YUNG,MALE,46,2,291,5,0,1,1
P.186_N.45_186/45/07_4,SABAH,ORDINARY VOTE,P.186,SANDAKAN,N.45,ELOPURA,186/45/07,PECKY VALLEY,SEKOLAH MENENGAH KEBANGSAAN ST MARY SANDAKAN,4,254,DAP,VIVIAN WONG SHIR YEE,FEMALE,30,149,PBS,LINDA TSEN THAU LIN,FEMALE,64,89,INDEPENDENT - TREE,HJ. HAMZAH HJ.ABDULLAH,MALE,65,11,INDEPENDENT - CHAIR,SULAIMAN BIN ABDUL SAMAT,MALE,36,3,INDEPENDENT - KEY,CHIA SIEW YUNG,MALE,46,0,252,2,0,1,1
P.186_N.45_186/45/07_5,SABAH,ORDINARY VOTE,P.186,SANDAKAN,N.45,ELOPURA,186/45/07,PECKY VALLEY,SEKOLAH MENENGAH KEBANGSAAN ST MARY SANDAKAN,5,219,DAP,VIVIAN WONG SHIR YEE,FEMALE,30,124,PBS,LINDA TSEN THAU LIN,FEMALE,64,73,INDEPENDENT - TREE,HJ. HAMZAH HJ.ABDULLAH,MALE,65,17,INDEPENDENT - CHAIR,SULAIMAN BIN ABDUL SAMAT,MALE,36,2,INDEPENDENT - KEY,CHIA SIEW YUNG,MALE,46,2,218,1,0,1,1
P.186_N.45_186/45/07_6,SABAH,ORDINARY VOTE,P.186,SANDAKAN,N.45,ELOPURA,186/45/07,PECKY VALLEY,SEKOLAH MENENGAH KEBANGSAAN ST MARY SANDAKAN,6,185,DAP,VIVIAN WONG SHIR YEE,FEMALE,30,84,PBS,LINDA TSEN THAU LIN,FEMALE,64,82,INDEPENDENT - TREE,HJ. HAMZAH HJ.ABDULLAH,MALE,65,13,INDEPENDENT - CHAIR,SULAIMAN BIN ABDUL SAMAT,MALE,36,4,INDEPENDENT - KEY,CHIA SIEW YUNG,MALE,46,0,183,2,0,1,1
P.186_N.45_186/45/08_1,SABAH,ORDINARY VOTE,P.186,SANDAKAN,N.45,ELOPURA,186/45/08,SUNGAI ANIP,TADIKA CHI HWA,1,192,DAP,VIVIAN WONG SHIR YEE,FEMALE,30,112,PBS,LINDA TSEN THAU LIN,FEMALE,64,55,INDEPENDENT - TREE,HJ. HAMZAH HJ.ABDULLAH,MALE,65,17,INDEPENDENT - CHAIR,SULAIMAN BIN ABDUL SAMAT,MALE,36,3,INDEPENDENT - KEY,CHIA SIEW YUNG,MALE,46,1,188,4,0,1,1
P.186_N.45_186/45/08_2,SABAH,ORDINARY VOTE,P.186,SANDAKAN,N.45,ELOPURA,186/45/08,SUNGAI ANIP,TADIKA CHI HWA,2,277,DAP,VIVIAN WONG SHIR YEE,FEMALE,30,186,PBS,LINDA TSEN THAU LIN,FEMALE,64,65,INDEPENDENT - TREE,HJ. HAMZAH HJ.ABDULLAH,MALE,65,15,INDEPENDENT - CHAIR,SULAIMAN BIN ABDUL SAMAT,MALE,36,3,INDEPENDENT - KEY,CHIA SIEW YUNG,MALE,46,4,273,4,0,1,1
P.186_N.45_186/45/08_3,SABAH,ORDINARY VOTE,P.186,SANDAKAN,N.45,ELOPURA,186/45/08,SUNGAI ANIP,TADIKA CHI HWA,3,251,DAP,VIVIAN WONG SHIR YEE,FEMALE,30,170,PBS,LINDA TSEN THAU LIN,FEMALE,64,56,INDEPENDENT - TREE,HJ. HAMZAH HJ.ABDULLAH,MALE,65,18,INDEPENDENT - CHAIR,SULAIMAN BIN ABDUL SAMAT,MALE,36,1,INDEPENDENT - KEY,CHIA SIEW YUNG,MALE,46,2,247,4,0,1,1
P.186_N.45_186/45/08_4,SABAH,ORDINARY VOTE,P.186,SANDAKAN,N.45,ELOPURA,186/45/08,SUNGAI ANIP,TADIKA CHI HWA,4,235,DAP,VIVIAN WONG SHIR YEE,FEMALE,30,172,PBS,LINDA TSEN THAU LIN,FEMALE,64,41,INDEPENDENT - TREE,HJ. HAMZAH HJ.ABDULLAH,MALE,65,13,INDEPENDENT - CHAIR,SULAIMAN BIN ABDUL SAMAT,MALE,36,2,INDEPENDENT - KEY,CHIA SIEW YUNG,MALE,46,2,230,5,0,1,1
P.186_N.45_186/45/09_1,SABAH,ORDINARY VOTE,P.186,SANDAKAN,N.45,ELOPURA,186/45/09,BATU 3 JALAN UTARA,SEKOLAH KEBANGSAAN ST MARY TOWN (M),1,201,DAP,VIVIAN WONG SHIR YEE,FEMALE,30,182,PBS,LINDA TSEN THAU LIN,FEMALE,64,15,INDEPENDENT - TREE,HJ. HAMZAH HJ.ABDULLAH,MALE,65,2,INDEPENDENT - CHAIR,SULAIMAN BIN ABDUL SAMAT,MALE,36,0,INDEPENDENT - KEY,CHIA SIEW YUNG,MALE,46,0,199,2,0,1,1
P.186_N.45_186/45/09_2,SABAH,ORDINARY VOTE,P.186,SANDAKAN,N.45,ELOPURA,186/45/09,BATU 3 JALAN UTARA,SEKOLAH KEBANGSAAN ST MARY TOWN (M),2,279,DAP,VIVIAN WONG SHIR YEE,FEMALE,30,249,PBS,LINDA TSEN THAU LIN,FEMALE,64,23,INDEPENDENT - TREE,HJ. HAMZAH HJ.ABDULLAH,MALE,65,4,INDEPENDENT - CHAIR,SULAIMAN BIN ABDUL SAMAT,MALE,36,0,INDEPENDENT - KEY,CHIA SIEW YUNG,MALE,46,1,277,2,0,1,1
P.186_N.45_186/45/09_3,SABAH,ORDINARY VOTE,P.186,SANDAKAN,N.45,ELOPURA,186/45/09,BATU 3 JALAN UTARA,SEKOLAH KEBANGSAAN ST MARY TOWN (M),3,261,DAP,VIVIAN WONG SHIR YEE,FEMALE,30,197,PBS,LINDA TSEN THAU LIN,FEMALE,64,50,INDEPENDENT - TREE,HJ. HAMZAH HJ.ABDULLAH,MALE,65,11,INDEPENDENT - CHAIR,SULAIMAN BIN ABDUL SAMAT,MALE,36,0,INDEPENDENT - KEY,CHIA SIEW YUNG,MALE,46,0,258,3,0,1,1
P.186_N.45_186/45/09_4,SABAH,ORDINARY VOTE,P.186,SANDAKAN,N.45,ELOPURA,186/45/09,BATU 3 JALAN UTARA,SEKOLAH KEBANGSAAN ST MARY TOWN (M),4,185,DAP,VIVIAN WONG SHIR YEE,FEMALE,30,126,PBS,LINDA TSEN THAU LIN,FEMALE,64,39,INDEPENDENT - TREE,HJ. HAMZAH HJ.ABDULLAH,MALE,65,12,INDEPENDENT - CHAIR,SULAIMAN BIN ABDUL SAMAT,MALE,36,2,INDEPENDENT - KEY,CHIA SIEW YUNG,MALE,46,2,181,4,0,1,1
P.186_N.45_186/45/10_1,SABAH,ORDINARY VOTE,P.186,SANDAKAN,N.45,ELOPURA,186/45/10,BATU 5 JALAN UTARA,SEKOLAH KEBANGSAAN ST MONICA,1,206,DAP,VIVIAN WONG SHIR YEE,FEMALE,30,189,PBS,LINDA TSEN THAU LIN,FEMALE,64,16,INDEPENDENT - TREE,HJ. HAMZAH HJ.ABDULLAH,MALE,65,0,INDEPENDENT - CHAIR,SULAIMAN BIN ABDUL SAMAT,MALE,36,0,INDEPENDENT - KEY,CHIA SIEW YUNG,MALE,46,0,205,1,0,1,1
P.186_N.45_186/45/10_2,SABAH,ORDINARY VOTE,P.186,SANDAKAN,N.45,ELOPURA,186/45/10,BATU 5 JALAN UTARA,SEKOLAH KEBANGSAAN ST MONICA,2,317,DAP,VIVIAN WONG SHIR YEE,FEMALE,30,278,PBS,LINDA TSEN THAU LIN,FEMALE,64,31,INDEPENDENT - TREE,HJ. HAMZAH HJ.ABDULLAH,MALE,65,5,INDEPENDENT - CHAIR,SULAIMAN BIN ABDUL SAMAT,MALE,36,0,INDEPENDENT - KEY,CHIA SIEW YUNG,MALE,46,2,316,0,1,1,1
P.186_N.45_186/45/10_3,SABAH,ORDINARY VOTE,P.186,SANDAKAN,N.45,ELOPURA,186/45/10,BATU 5 JALAN UTARA,SEKOLAH KEBANGSAAN ST MONICA,3,289,DAP,VIVIAN WONG SHIR YEE,FEMALE,30,245,PBS,LINDA TSEN THAU LIN,FEMALE,64,30,INDEPENDENT - TREE,HJ. HAMZAH HJ.ABDULLAH,MALE,65,7,INDEPENDENT - CHAIR,SULAIMAN BIN ABDUL SAMAT,MALE,36,0,INDEPENDENT - KEY,CHIA SIEW YUNG,MALE,46,6,288,1,0,1,1
P.186_N.45_186/45/10_4,SABAH,ORDINARY VOTE,P.186,SANDAKAN,N.45,ELOPURA,186/45/10,BATU 5 JALAN UTARA,SEKOLAH KEBANGSAAN ST MONICA,4,206,DAP,VIVIAN WONG SHIR YEE,FEMALE,30,179,PBS,LINDA TSEN THAU LIN,FEMALE,64,22,INDEPENDENT - TREE,HJ. HAMZAH HJ.ABDULLAH,MALE,65,3,INDEPENDENT - CHAIR,SULAIMAN BIN ABDUL SAMAT,MALE,36,0,INDEPENDENT - KEY,CHIA SIEW YUNG,MALE,46,1,205,1,0,1,1
P.186_N.46_186/46/01_1,SABAH,ORDINARY VOTE,P.186,SANDAKAN,N.46,TANJONG PAPAT,186/46/01,HAPPY VALLEY,SEKOLAH MENENGAH KEBANGSAAN ST MICHAEL,1,128,DAP,VIVIAN WONG SHIR YEE,FEMALE,30,116,PBS,LINDA TSEN THAU LIN,FEMALE,64,10,INDEPENDENT - TREE,HJ. HAMZAH HJ.ABDULLAH,MALE,65,0,INDEPENDENT - CHAIR,SULAIMAN BIN ABDUL SAMAT,MALE,36,0,INDEPENDENT - KEY,CHIA SIEW YUNG,MALE,46,1,127,1,0,1,1
P.186_N.46_186/46/01_2,SABAH,ORDINARY VOTE,P.186,SANDAKAN,N.46,TANJONG PAPAT,186/46/01,HAPPY VALLEY,SEKOLAH MENENGAH KEBANGSAAN ST MICHAEL,2,264,DAP,VIVIAN WONG SHIR YEE,FEMALE,30,243,PBS,LINDA TSEN THAU LIN,FEMALE,64,15,INDEPENDENT - TREE,HJ. HAMZAH HJ.ABDULLAH,MALE,65,0,INDEPENDENT - CHAIR,SULAIMAN BIN ABDUL SAMAT,MALE,36,0,INDEPENDENT - KEY,CHIA SIEW YUNG,MALE,46,2,260,4,0,1,1
P.186_N.46_186/46/01_3,SABAH,ORDINARY VOTE,P.186,SANDAKAN,N.46,TANJONG PAPAT,186/46/01,HAPPY VALLEY,SEKOLAH MENENGAH KEBANGSAAN ST MICHAEL,3,274,DAP,VIVIAN WONG SHIR YEE,FEMALE,30,249,PBS,LINDA TSEN THAU LIN,FEMALE,64,20,INDEPENDENT - TREE,HJ. HAMZAH HJ.ABDULLAH,MALE,65,2,INDEPENDENT - CHAIR,SULAIMAN BIN ABDUL SAMAT,MALE,36,0,INDEPENDENT - KEY,CHIA SIEW YUNG,MALE,46,3,274,0,0,1,1
P.186_N.46_186/46/01_4,SABAH,ORDINARY VOTE,P.186,SANDAKAN,N.46,TANJONG PAPAT,186/46/01,HAPPY VALLEY,SEKOLAH MENENGAH KEBANGSAAN ST MICHAEL,4,224,DAP,VIVIAN WONG SHIR YEE,FEMALE,30,184,PBS,LINDA TSEN THAU LIN,FEMALE,64,30,INDEPENDENT - TREE,HJ. HAMZAH HJ.ABDULLAH,MALE,65,4,INDEPENDENT - CHAIR,SULAIMAN BIN ABDUL SAMAT,MALE,36,0,INDEPENDENT - KEY,CHIA SIEW YUNG,MALE,46,4,222,2,0,1,1
P.186_N.46_186/46/02_1,SABAH,ORDINARY VOTE,P.186,SANDAKAN,N.46,TANJONG PAPAT,186/46/02,SANDAKAN PEKAN,SEKOLAH JENIS KEBANGSAAN (CINA) CHENG MIN,1,176,DAP,VIVIAN WONG SHIR YEE,FEMALE,30,151,PBS,LINDA TSEN THAU LIN,FEMALE,64,19,INDEPENDENT - TREE,HJ. HAMZAH HJ.ABDULLAH,MALE,65,3,INDEPENDENT - CHAIR,SULAIMAN BIN ABDUL SAMAT,MALE,36,0,INDEPENDENT - KEY,CHIA SIEW YUNG,MALE,46,2,175,1,0,1,1
P.186_N.46_186/46/02_2,SABAH,ORDINARY VOTE,P.186,SANDAKAN,N.46,TANJONG PAPAT,186/46/02,SANDAKAN PEKAN,SEKOLAH JENIS KEBANGSAAN (CINA) CHENG MIN,2,234,DAP,VIVIAN WONG SHIR YEE,FEMALE,30,212,PBS,LINDA TSEN THAU LIN,FEMALE,64,18,INDEPENDENT - TREE,HJ. HAMZAH HJ.ABDULLAH,MALE,65,2,INDEPENDENT - CHAIR,SULAIMAN BIN ABDUL SAMAT,MALE,36,1,INDEPENDENT - KEY,CHIA SIEW YUNG,MALE,46,0,233,1,0,1,1
P.186_N.46_186/46/02_3,SABAH,ORDINARY VOTE,P.186,SANDAKAN,N.46,TANJONG PAPAT,186/46/02,SANDAKAN PEKAN,SEKOLAH JENIS KEBANGSAAN (CINA) CHENG MIN,3,299,DAP,VIVIAN WONG SHIR YEE,FEMALE,30,274,PBS,LINDA TSEN THAU LIN,FEMALE,64,17,INDEPENDENT - TREE,HJ. HAMZAH HJ.ABDULLAH,MALE,65,3,INDEPENDENT - CHAIR,SULAIMAN BIN ABDUL SAMAT,MALE,36,0,INDEPENDENT - KEY,CHIA SIEW YUNG,MALE,46,3,297,2,0,1,1
P.186_N.46_186/46/02_4,SABAH,ORDINARY VOTE,P.186,SANDAKAN,N.46,TANJONG PAPAT,186/46/02,SANDAKAN PEKAN,SEKOLAH JENIS KEBANGSAAN (CINA) CHENG MIN,4,301,DAP,VIVIAN WONG SHIR YEE,FEMALE,30,261,PBS,LINDA TSEN THAU LIN,FEMALE,64,31,INDEPENDENT - TREE,HJ. HAMZAH HJ.ABDULLAH,MALE,65,4,INDEPENDENT - CHAIR,SULAIMAN BIN ABDUL SAMAT,MALE,36,0,INDEPENDENT - KEY,CHIA SIEW YUNG,MALE,46,3,299,2,0,1,1
P.186_N.46_186/46/02_5,SABAH,ORDINARY VOTE,P.186,SANDAKAN,N.46,TANJONG PAPAT,186/46/02,SANDAKAN PEKAN,SEKOLAH JENIS KEBANGSAAN (CINA) CHENG MIN,5,224,DAP,VIVIAN WONG SHIR YEE,FEMALE,30,169,PBS,LINDA TSEN THAU LIN,FEMALE,64,41,INDEPENDENT - TREE,HJ. HAMZAH HJ.ABDULLAH,MALE,65,6,INDEPENDENT - CHAIR,SULAIMAN BIN ABDUL SAMAT,MALE,36,0,INDEPENDENT - KEY,CHIA SIEW YUNG,MALE,46,3,219,5,0,1,1
P.186_N.46_186/46/02_6,SABAH,ORDINARY VOTE,P.186,SANDAKAN,N.46,TANJONG PAPAT,186/46/02,SANDAKAN PEKAN,SEKOLAH JENIS KEBANGSAAN (CINA) CHENG MIN,6,192,DAP,VIVIAN WONG SHIR YEE,FEMALE,30,121,PBS,LINDA TSEN THAU LIN,FEMALE,64,43,INDEPENDENT - TREE,HJ. HAMZAH HJ.ABDULLAH,MALE,65,20,INDEPENDENT - CHAIR,SULAIMAN BIN ABDUL SAMAT,MALE,36,0,INDEPENDENT - KEY,CHIA SIEW YUNG,MALE,46,3,187,5,0,1,1
P.186_N.46_186/46/03_1,SABAH,ORDINARY VOTE,P.186,SANDAKAN,N.46,TANJONG PAPAT,186/46/03,CATHAY,WISMA PERBANDARAN,1,149,DAP,VIVIAN WONG SHIR YEE,FEMALE,30,138,PBS,LINDA TSEN THAU LIN,FEMALE,64,10,INDEPENDENT - TREE,HJ. HAMZAH HJ.ABDULLAH,MALE,65,0,INDEPENDENT - CHAIR,SULAIMAN BIN ABDUL SAMAT,MALE,36,0,INDEPENDENT - KEY,CHIA SIEW YUNG,MALE,46,1,149,0,0,1,1
P.186_N.46_186/46/03_2,SABAH,ORDINARY VOTE,P.186,SANDAKAN,N.46,TANJONG PAPAT,186/46/03,CATHAY,WISMA PERBANDARAN,2,395,DAP,VIVIAN WONG SHIR YEE,FEMALE,30,357,PBS,LINDA TSEN THAU LIN,FEMALE,64,27,INDEPENDENT - TREE,HJ. HAMZAH HJ.ABDULLAH,MALE,65,3,INDEPENDENT - CHAIR,SULAIMAN BIN ABDUL SAMAT,MALE,36,1,INDEPENDENT - KEY,CHIA SIEW YUNG,MALE,46,5,393,2,0,1,1
P.186_N.46_186/46/04_1,SABAH,ORDINARY VOTE,P.186,SANDAKAN,N.46,TANJONG PAPAT,186/46/04,PASAR,WISMA WARISAN,1,206,DAP,VIVIAN WONG SHIR YEE,FEMALE,30,189,PBS,LINDA TSEN THAU LIN,FEMALE,64,14,INDEPENDENT - TREE,HJ. HAMZAH HJ.ABDULLAH,MALE,65,2,INDEPENDENT - CHAIR,SULAIMAN BIN ABDUL SAMAT,MALE,36,0,INDEPENDENT - KEY,CHIA SIEW YUNG,MALE,46,1,206,0,0,1,1
P.186_N.46_186/46/04_2,SABAH,ORDINARY VOTE,P.186,SANDAKAN,N.46,TANJONG PAPAT,186/46/04,PASAR,WISMA WARISAN,2,252,DAP,VIVIAN WONG SHIR YEE,FEMALE,30,228,PBS,LINDA TSEN THAU LIN,FEMALE,64,21,INDEPENDENT - TREE,HJ. HAMZAH HJ.ABDULLAH,MALE,65,1,INDEPENDENT - CHAIR,SULAIMAN BIN ABDUL SAMAT,MALE,36,0,INDEPENDENT - KEY,CHIA SIEW YUNG,MALE,46,1,251,1,0,1,1
P.186_N.46_186/46/04_3,SABAH,ORDINARY VOTE,P.186,SANDAKAN,N.46,TANJONG PAPAT,186/46/04,PASAR,WISMA WARISAN,3,221,DAP,VIVIAN WONG SHIR YEE,FEMALE,30,192,PBS,LINDA TSEN THAU LIN,FEMALE,64,18,INDEPENDENT - TREE,HJ. HAMZAH HJ.ABDULLAH,MALE,65,3,INDEPENDENT - CHAIR,SULAIMAN BIN ABDUL SAMAT,MALE,36,3,INDEPENDENT - KEY,CHIA SIEW YUNG,MALE,46,4,220,1,0,1,1
P.186_N.46_186/46/05_1,SABAH,ORDINARY VOTE,P.186,SANDAKAN,N.46,TANJONG PAPAT,186/46/05,SIM-SIM,SEKOLAH KEBANGSAAN SUNGAI ANIB 1,1,218,DAP,VIVIAN WONG SHIR YEE,FEMALE,30,155,PBS,LINDA TSEN THAU LIN,FEMALE,64,53,INDEPENDENT - TREE,HJ. HAMZAH HJ.ABDULLAH,MALE,65,2,INDEPENDENT - CHAIR,SULAIMAN BIN ABDUL SAMAT,MALE,36,1,INDEPENDENT - KEY,CHIA SIEW YUNG,MALE,46,1,212,6,0,1,1
P.186_N.46_186/46/05_2,SABAH,ORDINARY VOTE,P.186,SANDAKAN,N.46,TANJONG PAPAT,186/46/05,SIM-SIM,SEKOLAH KEBANGSAAN SUNGAI ANIB 1,2,243,DAP,VIVIAN WONG SHIR YEE,FEMALE,30,178,PBS,LINDA TSEN THAU LIN,FEMALE,64,56,INDEPENDENT - TREE,HJ. HAMZAH HJ.ABDULLAH,MALE,65,5,INDEPENDENT - CHAIR,SULAIMAN BIN ABDUL SAMAT,MALE,36,1,INDEPENDENT - KEY,CHIA SIEW YUNG,MALE,46,1,241,2,0,1,1
P.186_N.46_186/46/05_3,SABAH,ORDINARY VOTE,P.186,SANDAKAN,N.46,TANJONG PAPAT,186/46/05,SIM-SIM,SEKOLAH KEBANGSAAN SUNGAI ANIB 1,3,315,DAP,VIVIAN WONG SHIR YEE,FEMALE,30,201,PBS,LINDA TSEN THAU LIN,FEMALE,64,85,INDEPENDENT - TREE,HJ. HAMZAH HJ.ABDULLAH,MALE,65,11,INDEPENDENT - CHAIR,SULAIMAN BIN ABDUL SAMAT,MALE,36,5,INDEPENDENT - KEY,CHIA SIEW YUNG,MALE,46,9,311,4,0,1,1
P.186_N.46_186/46/05_4,SABAH,ORDINARY VOTE,P.186,SANDAKAN,N.46,TANJONG PAPAT,186/46/05,SIM-SIM,SEKOLAH KEBANGSAAN SUNGAI ANIB 1,4,245,DAP,VIVIAN WONG SHIR YEE,FEMALE,30,119,PBS,LINDA TSEN THAU LIN,FEMALE,64,95,INDEPENDENT - TREE,HJ. HAMZAH HJ.ABDULLAH,MALE,65,18,INDEPENDENT - CHAIR,SULAIMAN BIN ABDUL SAMAT,MALE,36,3,INDEPENDENT - KEY,CHIA SIEW YUNG,MALE,46,7,242,3,0,1,1
P.186_N.46_186/46/05_5,SABAH,ORDINARY VOTE,P.186,SANDAKAN,N.46,TANJONG PAPAT,186/46/05,SIM-SIM,SEKOLAH KEBANGSAAN SUNGAI ANIB 1,5,245,DAP,VIVIAN WONG SHIR YEE,FEMALE,30,101,PBS,LINDA TSEN THAU LIN,FEMALE,64,115,INDEPENDENT - TREE,HJ. HAMZAH HJ.ABDULLAH,MALE,65,18,INDEPENDENT - CHAIR,SULAIMAN BIN ABDUL SAMAT,MALE,36,2,INDEPENDENT - KEY,CHIA SIEW YUNG,MALE,46,2,238,7,0,1,1
P.186_N.46_186/46/05_6,SABAH,ORDINARY VOTE,P.186,SANDAKAN,N.46,TANJONG PAPAT,186/46/05,SIM-SIM,SEKOLAH KEBANGSAAN SUNGAI ANIB 1,6,216,DAP,VIVIAN WONG SHIR YEE,FEMALE,30,100,PBS,LINDA TSEN THAU LIN,FEMALE,64,85,INDEPENDENT - TREE,HJ. HAMZAH HJ.ABDULLAH,MALE,65,19,INDEPENDENT - CHAIR,SULAIMAN BIN ABDUL SAMAT,MALE,36,2,INDEPENDENT - KEY,CHIA SIEW YUNG,MALE,46,3,209,7,0,1,1
P.186_N.46_186/46/05_7,SABAH,ORDINARY VOTE,P.186,SANDAKAN,N.46,TANJONG PAPAT,186/46/05,SIM-SIM,SEKOLAH KEBANGSAAN SUNGAI ANIB 1,7,229,DAP,VIVIAN WONG SHIR YEE,FEMALE,30,99,PBS,LINDA TSEN THAU LIN,FEMALE,64,97,INDEPENDENT - TREE,HJ. HAMZAH HJ.ABDULLAH,MALE,65,16,INDEPENDENT - CHAIR,SULAIMAN BIN ABDUL SAMAT,MALE,36,9,INDEPENDENT - KEY,CHIA SIEW YUNG,MALE,46,3,224,5,0,1,1
P.186_N.46_186/46/06_1a,SABAH,ORDINARY VOTE,P.186,SANDAKAN,N.46,TANJONG PAPAT,186/46/06,PULAU BERHALA,SEKOLAH KEBANGSAAN SRI TANJUNG PAPAT 1,1,131,DAP,VIVIAN WONG SHIR YEE,FEMALE,30,86,PBS,LINDA TSEN THAU LIN,FEMALE,64,36,INDEPENDENT - TREE,HJ. HAMZAH HJ.ABDULLAH,MALE,65,5,INDEPENDENT - CHAIR,SULAIMAN BIN ABDUL SAMAT,MALE,36,3,INDEPENDENT - KEY,CHIA SIEW YUNG,MALE,46,1,131,0,0,1,1
P.186_N.46_186/46/06_2a,SABAH,ORDINARY VOTE,P.186,SANDAKAN,N.46,TANJONG PAPAT,186/46/06,PULAU BERHALA,SEKOLAH KEBANGSAAN SRI TANJUNG PAPAT 1,2,226,DAP,VIVIAN WONG SHIR YEE,FEMALE,30,120,PBS,LINDA TSEN THAU LIN,FEMALE,64,96,INDEPENDENT - TREE,HJ. HAMZAH HJ.ABDULLAH,MALE,65,7,INDEPENDENT - CHAIR,SULAIMAN BIN ABDUL SAMAT,MALE,36,0,INDEPENDENT - KEY,CHIA SIEW YUNG,MALE,46,2,225,1,0,1,1
P.186_N.46_186/46/06_3a,SABAH,ORDINARY VOTE,P.186,SANDAKAN,N.46,TANJONG PAPAT,186/46/06,PULAU BERHALA,SEKOLAH KEBANGSAAN SRI TANJUNG PAPAT 1,3,365,DAP,VIVIAN WONG SHIR YEE,FEMALE,30,212,PBS,LINDA TSEN THAU LIN,FEMALE,64,136,INDEPENDENT - TREE,HJ. HAMZAH HJ.ABDULLAH,MALE,65,12,INDEPENDENT - CHAIR,SULAIMAN BIN ABDUL SAMAT,MALE,36,1,INDEPENDENT - KEY,CHIA SIEW YUNG,MALE,46,0,361,4,0,1,1
P.186_N.46_186/46/06_4a,SABAH,ORDINARY VOTE,P.186,SANDAKAN,N.46,TANJONG PAPAT,186/46/06,PULAU BERHALA,SEKOLAH KEBANGSAAN SRI TANJUNG PAPAT 1,4,318,DAP,VIVIAN WONG SHIR YEE,FEMALE,30,149,PBS,LINDA TSEN THAU LIN,FEMALE,64,139,INDEPENDENT - TREE,HJ. HAMZAH HJ.ABDULLAH,MALE,65,23,INDEPENDENT - CHAIR,SULAIMAN BIN ABDUL SAMAT,MALE,36,4,INDEPENDENT - KEY,CHIA SIEW YUNG,MALE,46,2,317,1,0,1,1
P.186_N.46_186/46/06_5a,SABAH,ORDINARY VOTE,P.186,SANDAKAN,N.46,TANJONG PAPAT,186/46/06,PULAU BERHALA,SEKOLAH KEBANGSAAN SRI TANJUNG PAPAT 1,5,286,DAP,VIVIAN WONG SHIR YEE,FEMALE,30,141,PBS,LINDA TSEN THAU LIN,FEMALE,64,113,INDEPENDENT - TREE,HJ. HAMZAH HJ.ABDULLAH,MALE,65,22,INDEPENDENT - CHAIR,SULAIMAN BIN ABDUL SAMAT,MALE,36,1,INDEPENDENT - KEY,CHIA SIEW YUNG,MALE,46,5,282,4,0,1,1
P.186_N.46_186/46/06_1b,SABAH,ORDINARY VOTE,P.186,SANDAKAN,N.46,TANJONG PAPAT,186/46/06,PULAU BERHALA,SEKOLAH KEBANGSAAN SRI TANJUNG PAPAT 2,1,194,DAP,VIVIAN WONG SHIR YEE,FEMALE,30,123,PBS,LINDA TSEN THAU LIN,FEMALE,64,54,INDEPENDENT - TREE,HJ. HAMZAH HJ.ABDULLAH,MALE,65,3,INDEPENDENT - CHAIR,SULAIMAN BIN ABDUL SAMAT,MALE,36,3,INDEPENDENT - KEY,CHIA SIEW YUNG,MALE,46,5,188,5,1,1,1
P.186_N.46_186/46/06_2b,SABAH,ORDINARY VOTE,P.186,SANDAKAN,N.46,TANJONG PAPAT,186/46/06,PULAU BERHALA,SEKOLAH KEBANGSAAN SRI TANJUNG PAPAT 2,2,267,DAP,VIVIAN WONG SHIR YEE,FEMALE,30,181,PBS,LINDA TSEN THAU LIN,FEMALE,64,72,INDEPENDENT - TREE,HJ. HAMZAH HJ.ABDULLAH,MALE,65,8,INDEPENDENT - CHAIR,SULAIMAN BIN ABDUL SAMAT,MALE,36,2,INDEPENDENT - KEY,CHIA SIEW YUNG,MALE,46,3,266,1,0,1,1
P.186_N.46_186/46/06_3b,SABAH,ORDINARY VOTE,P.186,SANDAKAN,N.46,TANJONG PAPAT,186/46/06,PULAU BERHALA,SEKOLAH KEBANGSAAN SRI TANJUNG PAPAT 2,3,205,DAP,VIVIAN WONG SHIR YEE,FEMALE,30,134,PBS,LINDA TSEN THAU LIN,FEMALE,64,57,INDEPENDENT - TREE,HJ. HAMZAH HJ.ABDULLAH,MALE,65,5,INDEPENDENT - CHAIR,SULAIMAN BIN ABDUL SAMAT,MALE,36,3,INDEPENDENT - KEY,CHIA SIEW YUNG,MALE,46,2,201,4,0,1,1
P.186_N.46_186/46/06_4b,SABAH,ORDINARY VOTE,P.186,SANDAKAN,N.46,TANJONG PAPAT,186/46/06,PULAU BERHALA,SEKOLAH KEBANGSAAN SRI TANJUNG PAPAT 2,4,253,DAP,VIVIAN WONG SHIR YEE,FEMALE,30,155,PBS,LINDA TSEN THAU LIN,FEMALE,64,70,INDEPENDENT - TREE,HJ. HAMZAH HJ.ABDULLAH,MALE,65,9,INDEPENDENT - CHAIR,SULAIMAN BIN ABDUL SAMAT,MALE,36,0,INDEPENDENT - KEY,CHIA SIEW YUNG,MALE,46,9,243,10,0,1,1
P.186_N.46_186/46/07_1,SABAH,ORDINARY VOTE,P.186,SANDAKAN,N.46,TANJONG PAPAT,186/46/07,JALAN DUA,WISMA SANDARAYA,1,180,DAP,VIVIAN WONG SHIR YEE,FEMALE,30,161,PBS,LINDA TSEN THAU LIN,FEMALE,64,18,INDEPENDENT - TREE,HJ. HAMZAH HJ.ABDULLAH,MALE,65,1,INDEPENDENT - CHAIR,SULAIMAN BIN ABDUL SAMAT,MALE,36,0,INDEPENDENT - KEY,CHIA SIEW YUNG,MALE,46,0,180,0,0,1,1
P.186_N.46_186/46/07_2,SABAH,ORDINARY VOTE,P.186,SANDAKAN,N.46,TANJONG PAPAT,186/46/07,JALAN DUA,WISMA SANDARAYA,2,333,DAP,VIVIAN WONG SHIR YEE,FEMALE,30,274,PBS,LINDA TSEN THAU LIN,FEMALE,64,49,INDEPENDENT - TREE,HJ. HAMZAH HJ.ABDULLAH,MALE,65,4,INDEPENDENT - CHAIR,SULAIMAN BIN ABDUL SAMAT,MALE,36,0,INDEPENDENT - KEY,CHIA SIEW YUNG,MALE,46,1,328,5,0,1,1