UNIQUE CODE,STATE,BALLOT TYPE,PARLIAMENTARY CONSTITUENCY CODE,PARLIAMENTARY CONSTITUENCY NAME,STATE CONSTITUENCY CODE,STATE CONSTITUENCY NAME,POLLING DISTRICT CODE,POLLING DISTRICT NAME,POLLING CENTRE,VOTING CHANNEL NUMBER,TOTAL BALLOTS ISSUED,BN,BN CANDIDATE,BN CANDIDATE SEX,BN CANDIDATE AGE,BN VOTE,PH,PH CANDIDATE,PH CANDIDATE SEX,PH CANDIDATE AGE,PH VOTE,TOTAL VALID VOTES,TOTAL REJECTED VOTES,TOTAL UNRETURNED BALLOTS
P.102_N.27_102/27/POSTAL VOTE_1,SELANGOR,POSTAL VOTE,P.102,BANGI,N.27,BALAKONG,102/27/POSTAL VOTE,UNDI POS,UNDI POS,1,40,MCA,TAN CHEE TEONG,MALE,40,4,DAP,WONG SIEW KI,FEMALE,32,12,16,0,24
P.102_N.27_102/27/00_1,SELANGOR,EARLY VOTE,P.102,BANGI,N.27,BALAKONG,102/27/00,UNDI AWAL,RUANG LEGAR KUARTERS BALAI POLIS SERI KEMBANGAN,1,28,MCA,TAN CHEE TEONG,MALE,40,2,DAP,WONG SIEW KI,FEMALE,32,25,27,1,0
P.102_N.27_102/27/01_1,SELANGOR,ORDINARY VOTE,P.102,BANGI,N.27,BALAKONG,102/27/01,KAMPUNG BAHARU BALAKONG,SEKOLAH JENUS KEBANGSAAN (CINA) BALAKONG,1,212,MCA,TAN CHEE TEONG,MALE,40,45,DAP,WONG SIEW KI,FEMALE,32,159,204,8,0
P.102_N.27_102/27/01_2,SELANGOR,ORDINARY VOTE,P.102,BANGI,N.27,BALAKONG,102/27/01,KAMPUNG BAHARU BALAKONG,SEKOLAH JENUS KEBANGSAAN (CINA) BALAKONG,2,247,MCA,TAN CHEE TEONG,MALE,40,37,DAP,WONG SIEW KI,FEMALE,32,202,239,8,0
P.102_N.27_102/27/01_3,SELANGOR,ORDINARY VOTE,P.102,BANGI,N.27,BALAKONG,102/27/01,KAMPUNG BAHARU BALAKONG,SEKOLAH JENUS KEBANGSAAN (CINA) BALAKONG,3,366,MCA,TAN CHEE TEONG,MALE,40,51,DAP,WONG SIEW KI,FEMALE,32,313,364,2,0
P.102_N.27_102/27/01_4,SELANGOR,ORDINARY VOTE,P.102,BANGI,N.27,BALAKONG,102/27/01,KAMPUNG BAHARU BALAKONG,SEKOLAH JENUS KEBANGSAAN (CINA) BALAKONG,4,354,MCA,TAN CHEE TEONG,MALE,40,22,DAP,WONG SIEW KI,FEMALE,32,332,354,0,0
P.102_N.27_102/27/02_1,SELANGOR,ORDINARY VOTE,P.102,BANGI,N.27,BALAKONG,102/27/02,BANDAR DAMAI PERDANA,SEKOLAH JENIS KEBANGSAAN (CINA) CONNOUGHT 2 BANDAR DAMAI PERDANA,1,232,MCA,TAN CHEE TEONG,MALE,40,24,DAP,WONG SIEW KI,FEMALE,32,208,232,0,0
P.102_N.27_102/27/02_2,SELANGOR,ORDINARY VOTE,P.102,BANGI,N.27,BALAKONG,102/27/02,BANDAR DAMAI PERDANA,SEKOLAH JENIS KEBANGSAAN (CINA) CONNOUGHT 2 BANDAR DAMAI PERDANA,2,245,MCA,TAN CHEE TEONG,MALE,40,16,DAP,WONG SIEW KI,FEMALE,32,229,245,0,0
P.102_N.27_102/27/02_3,SELANGOR,ORDINARY VOTE,P.102,BANGI,N.27,BALAKONG,102/27/02,BANDAR DAMAI PERDANA,SEKOLAH JENIS KEBANGSAAN (CINA) CONNOUGHT 2 BANDAR DAMAI PERDANA,3,297,MCA,TAN CHEE TEONG,MALE,40,25,DAP,WONG SIEW KI,FEMALE,32,271,296,1,0
P.102_N.27_102/27/02_4,SELANGOR,ORDINARY VOTE,P.102,BANGI,N.27,BALAKONG,102/27/02,BANDAR DAMAI PERDANA,SEKOLAH JENIS KEBANGSAAN (CINA) CONNOUGHT 2 BANDAR DAMAI PERDANA,4,259,MCA,TAN CHEE TEONG,MALE,40,21,DAP,WONG SIEW KI,FEMALE,32,237,258,1,0
P.102_N.27_102/27/02_5,SELANGOR,ORDINARY VOTE,P.102,BANGI,N.27,BALAKONG,102/27/02,BANDAR DAMAI PERDANA,SEKOLAH JENIS KEBANGSAAN (CINA) CONNOUGHT 2 BANDAR DAMAI PERDANA,5,243,MCA,TAN CHEE TEONG,MALE,40,18,DAP,WONG SIEW KI,FEMALE,32,223,241,2,0
P.102_N.27_102/27/02_6,SELANGOR,ORDINARY VOTE,P.102,BANGI,N.27,BALAKONG,102/27/02,BANDAR DAMAI PERDANA,SEKOLAH JENIS KEBANGSAAN (CINA) CONNOUGHT 2 BANDAR DAMAI PERDANA,6,206,MCA,TAN CHEE TEONG,MALE,40,18,DAP,WONG SIEW KI,FEMALE,32,188,206,0,0
P.102_N.27_102/27/02_7,SELANGOR,ORDINARY VOTE,P.102,BANGI,N.27,BALAKONG,102/27/02,BANDAR DAMAI PERDANA,SEKOLAH JENIS KEBANGSAAN (CINA) CONNOUGHT 2 BANDAR DAMAI PERDANA,7,187,MCA,TAN CHEE TEONG,MALE,40,13,DAP,WONG SIEW KI,FEMALE,32,174,187,0,0
P.102_N.27_102/27/02_8,SELANGOR,ORDINARY VOTE,P.102,BANGI,N.27,BALAKONG,102/27/02,BANDAR DAMAI PERDANA,SEKOLAH JENIS KEBANGSAAN (CINA) CONNOUGHT 2 BANDAR DAMAI PERDANA,8,229,MCA,TAN CHEE TEONG,MALE,40,6,DAP,WONG SIEW KI,FEMALE,32,223,229,0,0
P.102_N.27_102/27/03_1,SELANGOR,ORDINARY VOTE,P.102,BANGI,N.27,BALAKONG,102/27/03,PERIMBUN,SEKOLAH MENENGAH KEBANGSAAN PERIMBUN,1,171,MCA,TAN CHEE TEONG,MALE,40,30,DAP,WONG SIEW KI,FEMALE,32,141,171,0,0
P.102_N.27_102/27/03_2,SELANGOR,ORDINARY VOTE,P.102,BANGI,N.27,BALAKONG,102/27/03,PERIMBUN,SEKOLAH MENENGAH KEBANGSAAN PERIMBUN,2,211,MCA,TAN CHEE TEONG,MALE,40,35,DAP,WONG SIEW KI,FEMALE,32,173,208,3,0
P.102_N.27_102/27/03_3,SELANGOR,ORDINARY VOTE,P.102,BANGI,N.27,BALAKONG,102/27/03,PERIMBUN,SEKOLAH MENENGAH KEBANGSAAN PERIMBUN,3,210,MCA,TAN CHEE TEONG,MALE,40,20,DAP,WONG SIEW KI,FEMALE,32,189,209,1,0
P.102_N.27_102/27/03_4,SELANGOR,ORDINARY VOTE,P.102,BANGI,N.27,BALAKONG,102/27/03,PERIMBUN,SEKOLAH MENENGAH KEBANGSAAN PERIMBUN,4,318,MCA,TAN CHEE TEONG,MALE,40,31,DAP,WONG SIEW KI,FEMALE,32,286,317,1,0
P.102_N.27_102/27/03_5,SELANGOR,ORDINARY VOTE,P.102,BANGI,N.27,BALAKONG,102/27/03,PERIMBUN,SEKOLAH MENENGAH KEBANGSAAN PERIMBUN,5,310,MCA,TAN CHEE TEONG,MALE,40,31,DAP,WONG SIEW KI,FEMALE,32,277,308,2,0
P.102_N.27_102/27/03_6,SELANGOR,ORDINARY VOTE,P.102,BANGI,N.27,BALAKONG,102/27/03,PERIMBUN,SEKOLAH MENENGAH KEBANGSAAN PERIMBUN,6,254,MCA,TAN CHEE TEONG,MALE,40,20,DAP,WONG SIEW KI,FEMALE,32,233,253,1,0
P.102_N.27_102/27/03_7,SELANGOR,ORDINARY VOTE,P.102,BANGI,N.27,BALAKONG,102/27/03,PERIMBUN,SEKOLAH MENENGAH KEBANGSAAN PERIMBUN,7,248,MCA,TAN CHEE TEONG,MALE,40,29,DAP,WONG SIEW KI,FEMALE,32,219,248,0,0
P.102_N.27_102/27/03_8,SELANGOR,ORDINARY VOTE,P.102,BANGI,N.27,BALAKONG,102/27/03,PERIMBUN,SEKOLAH MENENGAH KEBANGSAAN PERIMBUN,8,197,MCA,TAN CHEE TEONG,MALE,40,11,DAP,WONG SIEW KI,FEMALE,32,185,196,1,0
P.102_N.27_102/27/03_9,SELANGOR,ORDINARY VOTE,P.102,BANGI,N.27,BALAKONG,102/27/03,PERIMBUN,SEKOLAH MENENGAH KEBANGSAAN PERIMBUN,9,215,MCA,TAN CHEE TEONG,MALE,40,16,DAP,WONG SIEW KI,FEMALE,32,197,213,2,0
P.102_N.27_102/27/03_10,SELANGOR,ORDINARY VOTE,P.102,BANGI,N.27,BALAKONG,102/27/03,PERIMBUN,SEKOLAH MENENGAH KEBANGSAAN PERIMBUN,10,176,MCA,TAN CHEE TEONG,MALE,40,18,DAP,WONG SIEW KI,FEMALE,32,157,175,1,0
P.102_N.27_102/27/03_11,SELANGOR,ORDINARY VOTE,P.102,BANGI,N.27,BALAKONG,102/27/03,PERIMBUN,SEKOLAH MENENGAH KEBANGSAAN PERIMBUN,11,203,MCA,TAN CHEE TEONG,MALE,40,22,DAP,WONG SIEW KI,FEMALE,32,181,203,0,0
P.102_N.27_102/27/03_12,SELANGOR,ORDINARY VOTE,P.102,BANGI,N.27,BALAKONG,102/27/03,PERIMBUN,SEKOLAH MENENGAH KEBANGSAAN PERIMBUN,12,233,MCA,TAN CHEE TEONG,MALE,40,16,DAP,WONG SIEW KI,FEMALE,32,217,233,0,0
P.102_N.27_102/27/04_1,SELANGOR,ORDINARY VOTE,P.102,BANGI,N.27,BALAKONG,102/27/04,BATU 11 CHERAS,SEKOLAH JENIS KEBANGSAAN (CINA) BATU SEBELAS CHERAS,1,211,MCA,TAN CHEE TEONG,MALE,40,55,DAP,WONG SIEW KI,FEMALE,32,133,188,23,0
P.102_N.27_102/27/04_2,SELANGOR,ORDINARY VOTE,P.102,BANGI,N.27,BALAKONG,102/27/04,BATU 11 CHERAS,SEKOLAH JENIS KEBANGSAAN (CINA) BATU SEBELAS CHERAS,2,237,MCA,TAN CHEE TEONG,MALE,40,49,DAP,WONG SIEW KI,FEMALE,32,187,236,1,0
P.102_N.27_102/27/04_3,SELANGOR,ORDINARY VOTE,P.102,BANGI,N.27,BALAKONG,102/27/04,BATU 11 CHERAS,SEKOLAH JENIS KEBANGSAAN (CINA) BATU SEBELAS CHERAS,3,365,MCA,TAN CHEE TEONG,MALE,40,57,DAP,WONG SIEW KI,FEMALE,32,303,360,5,0
P.102_N.27_102/27/04_4,SELANGOR,ORDINARY VOTE,P.102,BANGI,N.27,BALAKONG,102/27/04,BATU 11 CHERAS,SEKOLAH JENIS KEBANGSAAN (CINA) BATU SEBELAS CHERAS,4,367,MCA,TAN CHEE TEONG,MALE,40,58,DAP,WONG SIEW KI,FEMALE,32,305,363,4,0
P.102_N.27_102/27/04_5,SELANGOR,ORDINARY VOTE,P.102,BANGI,N.27,BALAKONG,102/27/04,BATU 11 CHERAS,SEKOLAH JENIS KEBANGSAAN (CINA) BATU SEBELAS CHERAS,5,330,MCA,TAN CHEE TEONG,MALE,40,36,DAP,WONG SIEW KI,FEMALE,32,293,329,1,0
P.102_N.27_102/27/04_6,SELANGOR,ORDINARY VOTE,P.102,BANGI,N.27,BALAKONG,102/27/04,BATU 11 CHERAS,SEKOLAH JENIS KEBANGSAAN (CINA) BATU SEBELAS CHERAS,6,316,MCA,TAN CHEE TEONG,MALE,40,27,DAP,WONG SIEW KI,FEMALE,32,285,312,4,0
P.102_N.27_102/27/04_7,SELANGOR,ORDINARY VOTE,P.102,BANGI,N.27,BALAKONG,102/27/04,BATU 11 CHERAS,SEKOLAH JENIS KEBANGSAAN (CINA) BATU SEBELAS CHERAS,7,314,MCA,TAN CHEE TEONG,MALE,40,44,DAP,WONG SIEW KI,FEMALE,32,270,314,0,0
P.102_N.27_102/27/04_8,SELANGOR,ORDINARY VOTE,P.102,BANGI,N.27,BALAKONG,102/27/04,BATU 11 CHERAS,SEKOLAH JENIS KEBANGSAAN (CINA) BATU SEBELAS CHERAS,8,292,MCA,TAN CHEE TEONG,MALE,40,30,DAP,WONG SIEW KI,FEMALE,32,259,289,3,0
P.102_N.27_102/27/05_1,SELANGOR,ORDINARY VOTE,P.102,BANGI,N.27,BALAKONG,102/27/05,CHERAS PERDANA,SEKOLAH MENENGAH KEBANGSAAN CHERAS PERDANA,1,194,MCA,TAN CHEE TEONG,MALE,40,30,DAP,WONG SIEW KI,FEMALE,32,160,190,4,0
P.102_N.27_102/27/05_2,SELANGOR,ORDINARY VOTE,P.102,BANGI,N.27,BALAKONG,102/27/05,CHERAS PERDANA,SEKOLAH MENENGAH KEBANGSAAN CHERAS PERDANA,2,183,MCA,TAN CHEE TEONG,MALE,40,41,DAP,WONG SIEW KI,FEMALE,32,139,180,3,0
P.102_N.27_102/27/05_3,SELANGOR,ORDINARY VOTE,P.102,BANGI,N.27,BALAKONG,102/27/05,CHERAS PERDANA,SEKOLAH MENENGAH KEBANGSAAN CHERAS PERDANA,3,274,MCA,TAN CHEE TEONG,MALE,40,65,DAP,WONG SIEW KI,FEMALE,32,207,272,2,0
P.102_N.27_102/27/05_4,SELANGOR,ORDINARY VOTE,P.102,BANGI,N.27,BALAKONG,102/27/05,CHERAS PERDANA,SEKOLAH MENENGAH KEBANGSAAN CHERAS PERDANA,4,281,MCA,TAN CHEE TEONG,MALE,40,30,DAP,WONG SIEW KI,FEMALE,32,249,279,2,0
P.102_N.27_102/27/05_5,SELANGOR,ORDINARY VOTE,P.102,BANGI,N.27,BALAKONG,102/27/05,CHERAS PERDANA,SEKOLAH MENENGAH KEBANGSAAN CHERAS PERDANA,5,274,MCA,TAN CHEE TEONG,MALE,40,40,DAP,WONG SIEW KI,FEMALE,32,232,272,2,0
P.102_N.27_102/27/05_6,SELANGOR,ORDINARY VOTE,P.102,BANGI,N.27,BALAKONG,102/27/05,CHERAS PERDANA,SEKOLAH MENENGAH KEBANGSAAN CHERAS PERDANA,6,255,MCA,TAN CHEE TEONG,MALE,40,30,DAP,WONG SIEW KI,FEMALE,32,223,253,2,0
P.102_N.27_102/27/05_7,SELANGOR,ORDINARY VOTE,P.102,BANGI,N.27,BALAKONG,102/27/05,CHERAS PERDANA,SEKOLAH MENENGAH KEBANGSAAN CHERAS PERDANA,7,207,MCA,TAN CHEE TEONG,MALE,40,25,DAP,WONG SIEW KI,FEMALE,32,181,206,1,0
P.102_N.27_102/27/05_8,SELANGOR,ORDINARY VOTE,P.102,BANGI,N.27,BALAKONG,102/27/05,CHERAS PERDANA,SEKOLAH MENENGAH KEBANGSAAN CHERAS PERDANA,8,221,MCA,TAN CHEE TEONG,MALE,40,23,DAP,WONG SIEW KI,FEMALE,32,197,220,1,0
P.102_N.27_102/27/05_9,SELANGOR,ORDINARY VOTE,P.102,BANGI,N.27,BALAKONG,102/27/05,CHERAS PERDANA,SEKOLAH MENENGAH KEBANGSAAN CHERAS PERDANA,9,157,MCA,TAN CHEE TEONG,MALE,40,26,DAP,WONG SIEW KI,FEMALE,32,131,157,0,0
P.102_N.27_102/27/05_10,SELANGOR,ORDINARY VOTE,P.102,BANGI,N.27,BALAKONG,102/27/05,CHERAS PERDANA,SEKOLAH MENENGAH KEBANGSAAN CHERAS PERDANA,10,191,MCA,TAN CHEE TEONG,MALE,40,40,DAP,WONG SIEW KI,FEMALE,32,149,189,2,0
P.102_N.27_102/27/05_11,SELANGOR,ORDINARY VOTE,P.102,BANGI,N.27,BALAKONG,102/27/05,CHERAS PERDANA,SEKOLAH MENENGAH KEBANGSAAN CHERAS PERDANA,11,229,MCA,TAN CHEE TEONG,MALE,40,40,DAP,WONG SIEW KI,FEMALE,32,188,228,1,0
P.102_N.27_102/27/06_1,SELANGOR,ORDINARY VOTE,P.102,BANGI,N.27,BALAKONG,102/27/06,BANDAR TUN HUSSEIN ONN,SEKOLAH KEBANGSAAN BANDAR TUN HUSSEIN ONN,1,147,MCA,TAN CHEE TEONG,MALE,40,27,DAP,WONG SIEW KI,FEMALE,32,119,146,1,0
P.102_N.27_102/27/06_2,SELANGOR,ORDINARY VOTE,P.102,BANGI,N.27,BALAKONG,102/27/06,BANDAR TUN HUSSEIN ONN,SEKOLAH KEBANGSAAN BANDAR TUN HUSSEIN ONN,2,119,MCA,TAN CHEE TEONG,MALE,40,28,DAP,WONG SIEW KI,FEMALE,32,90,118,1,0
P.102_N.27_102/27/06_3,SELANGOR,ORDINARY VOTE,P.102,BANGI,N.27,BALAKONG,102/27/06,BANDAR TUN HUSSEIN ONN,SEKOLAH KEBANGSAAN BANDAR TUN HUSSEIN ONN,3,209,MCA,TAN CHEE TEONG,MALE,40,50,DAP,WONG SIEW KI,FEMALE,32,157,207,2,0
P.102_N.27_102/27/06_4,SELANGOR,ORDINARY VOTE,P.102,BANGI,N.27,BALAKONG,102/27/06,BANDAR TUN HUSSEIN ONN,SEKOLAH KEBANGSAAN BANDAR TUN HUSSEIN ONN,4,182,MCA,TAN CHEE TEONG,MALE,40,40,DAP,WONG SIEW KI,FEMALE,32,142,182,0,0
P.102_N.27_102/27/06_5,SELANGOR,ORDINARY VOTE,P.102,BANGI,N.27,BALAKONG,102/27/06,BANDAR TUN HUSSEIN ONN,SEKOLAH KEBANGSAAN BANDAR TUN HUSSEIN ONN,5,169,MCA,TAN CHEE TEONG,MALE,40,36,DAP,WONG SIEW KI,FEMALE,32,132,168,1,0
P.102_N.27_102/27/06_6,SELANGOR,ORDINARY VOTE,P.102,BANGI,N.27,BALAKONG,102/27/06,BANDAR TUN HUSSEIN ONN,SEKOLAH KEBANGSAAN BANDAR TUN HUSSEIN ONN,6,134,MCA,TAN CHEE TEONG,MALE,40,41,DAP,WONG SIEW KI,FEMALE,32,93,134,0,0
P.102_N.27_102/27/06_7,SELANGOR,ORDINARY VOTE,P.102,BANGI,N.27,BALAKONG,102/27/06,BANDAR TUN HUSSEIN ONN,SEKOLAH KEBANGSAAN BANDAR TUN HUSSEIN ONN,7,123,MCA,TAN CHEE TEONG,MALE,40,33,DAP,WONG SIEW KI,FEMALE,32,88,121,2,0
P.102_N.27_102/27/06_8,SELANGOR,ORDINARY VOTE,P.102,BANGI,N.27,BALAKONG,102/27/06,BANDAR TUN HUSSEIN ONN,SEKOLAH KEBANGSAAN BANDAR TUN HUSSEIN ONN,8,121,MCA,TAN CHEE TEONG,MALE,40,24,DAP,WONG SIEW KI,FEMALE,32,97,121,0,0
P.102_N.27_102/27/06_9,SELANGOR,ORDINARY VOTE,P.102,BANGI,N.27,BALAKONG,102/27/06,BANDAR TUN HUSSEIN ONN,SEKOLAH KEBANGSAAN BANDAR TUN HUSSEIN ONN,9,132,MCA,TAN CHEE TEONG,MALE,40,42,DAP,WONG SIEW KI,FEMALE,32,90,132,0,0
P.102_N.27_102/27/06_10,SELANGOR,ORDINARY VOTE,P.102,BANGI,N.27,BALAKONG,102/27/06,BANDAR TUN HUSSEIN ONN,SEKOLAH KEBANGSAAN BANDAR TUN HUSSEIN ONN,10,144,MCA,TAN CHEE TEONG,MALE,40,32,DAP,WONG SIEW KI,FEMALE,32,111,143,1,0
P.102_N.27_102/27/07_1,SELANGOR,ORDINARY VOTE,P.102,BANGI,N.27,BALAKONG,102/27/07,SIMPANG BALAK,SEKOLAH RENDAH AGAMA SUNGAI BALAK,1,75,MCA,TAN CHEE TEONG,MALE,40,25,DAP,WONG SIEW KI,FEMALE,32,47,72,3,0
P.102_N.27_102/27/07_2,SELANGOR,ORDINARY VOTE,P.102,BANGI,N.27,BALAKONG,102/27/07,SIMPANG BALAK,SEKOLAH RENDAH AGAMA SUNGAI BALAK,2,110,MCA,TAN CHEE TEONG,MALE,40,41,DAP,WONG SIEW KI,FEMALE,32,64,105,5,0
P.102_N.27_102/27/07_3,SELANGOR,ORDINARY VOTE,P.102,BANGI,N.27,BALAKONG,102/27/07,SIMPANG BALAK,SEKOLAH RENDAH AGAMA SUNGAI BALAK,3,183,MCA,TAN CHEE TEONG,MALE,40,58,DAP,WONG SIEW KI,FEMALE,32,123,181,2,0
P.102_N.27_102/27/07_4,SELANGOR,ORDINARY VOTE,P.102,BANGI,N.27,BALAKONG,102/27/07,SIMPANG BALAK,SEKOLAH RENDAH AGAMA SUNGAI BALAK,4,157,MCA,TAN CHEE TEONG,MALE,40,39,DAP,WONG SIEW KI,FEMALE,32,115,154,3,0
P.102_N.27_102/27/07_5,SELANGOR,ORDINARY VOTE,P.102,BANGI,N.27,BALAKONG,102/27/07,SIMPANG BALAK,SEKOLAH RENDAH AGAMA SUNGAI BALAK,5,128,MCA,TAN CHEE TEONG,MALE,40,37,DAP,WONG SIEW KI,FEMALE,32,89,126,2,0
P.102_N.27_102/27/07_6,SELANGOR,ORDINARY VOTE,P.102,BANGI,N.27,BALAKONG,102/27/07,SIMPANG BALAK,SEKOLAH RENDAH AGAMA SUNGAI BALAK,6,118,MCA,TAN CHEE TEONG,MALE,40,26,DAP,WONG SIEW KI,FEMALE,32,89,115,3,0
P.102_N.27_102/27/08_1,SELANGOR,ORDINARY VOTE,P.102,BANGI,N.27,BALAKONG,102/27/08,DESA BAIDURI,SEKOLAH KEBANGSAAN DESA BAIDURI,1,169,MCA,TAN CHEE TEONG,MALE,40,37,DAP,WONG SIEW KI,FEMALE,32,132,169,0,0
P.102_N.27_102/27/08_2,SELANGOR,ORDINARY VOTE,P.102,BANGI,N.27,BALAKONG,102/27/08,DESA BAIDURI,SEKOLAH KEBANGSAAN DESA BAIDURI,2,145,MCA,TAN CHEE TEONG,MALE,40,48,DAP,WONG SIEW KI,FEMALE,32,97,145,0,0
P.102_N.27_102/27/08_3,SELANGOR,ORDINARY VOTE,P.102,BANGI,N.27,BALAKONG,102/27/08,DESA BAIDURI,SEKOLAH KEBANGSAAN DESA BAIDURI,3,172,MCA,TAN CHEE TEONG,MALE,40,40,DAP,WONG SIEW KI,FEMALE,32,132,172,0,0
P.102_N.27_102/27/08_4,SELANGOR,ORDINARY VOTE,P.102,BANGI,N.27,BALAKONG,102/27/08,DESA BAIDURI,SEKOLAH KEBANGSAAN DESA BAIDURI,4,171,MCA,TAN CHEE TEONG,MALE,40,32,DAP,WONG SIEW KI,FEMALE,32,138,170,1,0
P.102_N.27_102/27/08_5,SELANGOR,ORDINARY VOTE,P.102,BANGI,N.27,BALAKONG,102/27/08,DESA BAIDURI,SEKOLAH KEBANGSAAN DESA BAIDURI,5,159,MCA,TAN CHEE TEONG,MALE,40,34,DAP,WONG SIEW KI,FEMALE,32,125,159,0,0
P.102_N.27_102/27/08_6,SELANGOR,ORDINARY VOTE,P.102,BANGI,N.27,BALAKONG,102/27/08,DESA BAIDURI,SEKOLAH KEBANGSAAN DESA BAIDURI,6,120,MCA,TAN CHEE TEONG,MALE,40,31,DAP,WONG SIEW KI,FEMALE,32,88,119,1,0
P.102_N.27_102/27/08_7,SELANGOR,ORDINARY VOTE,P.102,BANGI,N.27,BALAKONG,102/27/08,DESA BAIDURI,SEKOLAH KEBANGSAAN DESA BAIDURI,7,112,MCA,TAN CHEE TEONG,MALE,40,25,DAP,WONG SIEW KI,FEMALE,32,81,106,6,0
P.102_N.27_102/27/08_8,SELANGOR,ORDINARY VOTE,P.102,BANGI,N.27,BALAKONG,102/27/08,DESA BAIDURI,SEKOLAH KEBANGSAAN DESA BAIDURI,8,102,MCA,TAN CHEE TEONG,MALE,40,28,DAP,WONG SIEW KI,FEMALE,32,72,100,2,0
P.102_N.27_102/27/08_9,SELANGOR,ORDINARY VOTE,P.102,BANGI,N.27,BALAKONG,102/27/08,DESA BAIDURI,SEKOLAH KEBANGSAAN DESA BAIDURI,9,103,MCA,TAN CHEE TEONG,MALE,40,27,DAP,WONG SIEW KI,FEMALE,32,74,101,2,0
P.102_N.27_102/27/09_1,SELANGOR,ORDINARY VOTE,P.102,BANGI,N.27,BALAKONG,102/27/09,CHERAS JAYA,SEKOLAH MENENGAH KEBANGSAAN CHERAS JAYA,1,167,MCA,TAN CHEE TEONG,MALE,40,54,DAP,WONG SIEW KI,FEMALE,32,112,166,1,0
P.102_N.27_102/27/09_2,SELANGOR,ORDINARY VOTE,P.102,BANGI,N.27,BALAKONG,102/27/09,CHERAS JAYA,SEKOLAH MENENGAH KEBANGSAAN CHERAS JAYA,2,153,MCA,TAN CHEE TEONG,MALE,40,42,DAP,WONG SIEW KI,FEMALE,32,104,146,7,0
P.102_N.27_102/27/09_3,SELANGOR,ORDINARY VOTE,P.102,BANGI,N.27,BALAKONG,102/27/09,CHERAS JAYA,SEKOLAH MENENGAH KEBANGSAAN CHERAS JAYA,3,225,MCA,TAN CHEE TEONG,MALE,40,53,DAP,WONG SIEW KI,FEMALE,32,171,224,1,0
P.102_N.27_102/27/09_4,SELANGOR,ORDINARY VOTE,P.102,BANGI,N.27,BALAKONG,102/27/09,CHERAS JAYA,SEKOLAH MENENGAH KEBANGSAAN CHERAS JAYA,4,189,MCA,TAN CHEE TEONG,MALE,40,39,DAP,WONG SIEW KI,FEMALE,32,148,187,2,0
P.102_N.27_102/27/09_5,SELANGOR,ORDINARY VOTE,P.102,BANGI,N.27,BALAKONG,102/27/09,CHERAS JAYA,SEKOLAH MENENGAH KEBANGSAAN CHERAS JAYA,5,166,MCA,TAN CHEE TEONG,MALE,40,39,DAP,WONG SIEW KI,FEMALE,32,125,164,2,0
P.102_N.27_102/27/09_6,SELANGOR,ORDINARY VOTE,P.102,BANGI,N.27,BALAKONG,102/27/09,CHERAS JAYA,SEKOLAH MENENGAH KEBANGSAAN CHERAS JAYA,6,161,MCA,TAN CHEE TEONG,MALE,40,40,DAP,WONG SIEW KI,FEMALE,32,120,160,1,0
P.102_N.27_102/27/09_7,SELANGOR,ORDINARY VOTE,P.102,BANGI,N.27,BALAKONG,102/27/09,CHERAS JAYA,SEKOLAH MENENGAH KEBANGSAAN CHERAS JAYA,7,144,MCA,TAN CHEE TEONG,MALE,40,41,DAP,WONG SIEW KI,FEMALE,32,102,143,1,0
P.102_N.27_102/27/09_8,SELANGOR,ORDINARY VOTE,P.102,BANGI,N.27,BALAKONG,102/27/09,CHERAS JAYA,SEKOLAH MENENGAH KEBANGSAAN CHERAS JAYA,8,128,MCA,TAN CHEE TEONG,MALE,40,34,DAP,WONG SIEW KI,FEMALE,32,92,126,2,0
P.102_N.27_102/27/09_9,SELANGOR,ORDINARY VOTE,P.102,BANGI,N.27,BALAKONG,102/27/09,CHERAS JAYA,SEKOLAH MENENGAH KEBANGSAAN CHERAS JAYA,9,132,MCA,TAN CHEE TEONG,MALE,40,40,DAP,WONG SIEW KI,FEMALE,32,90,130,2,0
P.102_N.27_102/27/10_1,SELANGOR,ORDINARY VOTE,P.102,BANGI,N.27,BALAKONG,102/27/10,TAMAN SURIA JAYA,SEKOLAH MENENGAH KEBANGSAAN BANDAR TUN HUSSEIN ONN (2) CHERAS,1,176,MCA,TAN CHEE TEONG,MALE,40,19,DAP,WONG SIEW KI,FEMALE,32,157,176,0,0
P.102_N.27_102/27/10_2,SELANGOR,ORDINARY VOTE,P.102,BANGI,N.27,BALAKONG,102/27/10,TAMAN SURIA JAYA,SEKOLAH MENENGAH KEBANGSAAN BANDAR TUN HUSSEIN ONN (2) CHERAS,2,147,MCA,TAN CHEE TEONG,MALE,40,12,DAP,WONG SIEW KI,FEMALE,32,135,147,0,0
P.102_N.27_102/27/10_3,SELANGOR,ORDINARY VOTE,P.102,BANGI,N.27,BALAKONG,102/27/10,TAMAN SURIA JAYA,SEKOLAH MENENGAH KEBANGSAAN BANDAR TUN HUSSEIN ONN (2) CHERAS,3,176,MCA,TAN CHEE TEONG,MALE,40,15,DAP,WONG SIEW KI,FEMALE,32,161,176,0,0
P.102_N.27_102/27/10_4,SELANGOR,ORDINARY VOTE,P.102,BANGI,N.27,BALAKONG,102/27/10,TAMAN SURIA JAYA,SEKOLAH MENENGAH KEBANGSAAN BANDAR TUN HUSSEIN ONN (2) CHERAS,4,152,MCA,TAN CHEE TEONG,MALE,40,13,DAP,WONG SIEW KI,FEMALE,32,139,152,0,0
P.102_N.27_102/27/10_5,SELANGOR,ORDINARY VOTE,P.102,BANGI,N.27,BALAKONG,102/27/10,TAMAN SURIA JAYA,SEKOLAH MENENGAH KEBANGSAAN BANDAR TUN HUSSEIN ONN (2) CHERAS,5,173,MCA,TAN CHEE TEONG,MALE,40,9,DAP,WONG SIEW KI,FEMALE,32,164,173,0,0
P.102_N.27_102/27/11_1,SELANGOR,ORDINARY VOTE,P.102,BANGI,N.27,BALAKONG,102/27/11,TAMAN SRI BAHAGIA,SEKOLAH KEBANGSAAN BANDAR TUN HUSSEIN ONN (2) CHERAS,1,196,MCA,TAN CHEE TEONG,MALE,40,24,DAP,WONG SIEW KI,FEMALE,32,172,196,0,0
P.102_N.27_102/27/11_2,SELANGOR,ORDINARY VOTE,P.102,BANGI,N.27,BALAKONG,102/27/11,TAMAN SRI BAHAGIA,SEKOLAH KEBANGSAAN BANDAR TUN HUSSEIN ONN (2) CHERAS,2,159,MCA,TAN CHEE TEONG,MALE,40,15,DAP,WONG SIEW KI,FEMALE,32,142,157,2,0
P.102_N.27_102/27/11_3,SELANGOR,ORDINARY VOTE,P.102,BANGI,N.27,BALAKONG,102/27/11,TAMAN SRI BAHAGIA,SEKOLAH KEBANGSAAN BANDAR TUN HUSSEIN ONN (2) CHERAS,3,241,MCA,TAN CHEE TEONG,MALE,40,25,DAP,WONG SIEW KI,FEMALE,32,215,240,1,0
P.102_N.27_102/27/11_4,SELANGOR,ORDINARY VOTE,P.102,BANGI,N.27,BALAKONG,102/27/11,TAMAN SRI BAHAGIA,SEKOLAH KEBANGSAAN BANDAR TUN HUSSEIN ONN (2) CHERAS,4,215,MCA,TAN CHEE TEONG,MALE,40,28,DAP,WONG SIEW KI,FEMALE,32,187,215,0,0
P.102_N.27_102/27/11_5,SELANGOR,ORDINARY VOTE,P.102,BANGI,N.27,BALAKONG,102/27/11,TAMAN SRI BAHAGIA,SEKOLAH KEBANGSAAN BANDAR TUN HUSSEIN ONN (2) CHERAS,5,191,MCA,TAN CHEE TEONG,MALE,40,29,DAP,WONG SIEW KI,FEMALE,32,162,191,0,0
P.102_N.27_102/27/11_6,SELANGOR,ORDINARY VOTE,P.102,BANGI,N.27,BALAKONG,102/27/11,TAMAN SRI BAHAGIA,SEKOLAH KEBANGSAAN BANDAR TUN HUSSEIN ONN (2) CHERAS,6,191,MCA,TAN CHEE TEONG,MALE,40,20,DAP,WONG SIEW KI,FEMALE,32,171,191,0,0
P.102_N.27_102/27/11_7,SELANGOR,ORDINARY VOTE,P.102,BANGI,N.27,BALAKONG,102/27/11,TAMAN SRI BAHAGIA,SEKOLAH KEBANGSAAN BANDAR TUN HUSSEIN ONN (2) CHERAS,7,161,MCA,TAN CHEE TEONG,MALE,40,17,DAP,WONG SIEW KI,FEMALE,32,144,161,0,0
P.102_N.27_102/27/11_8,SELANGOR,ORDINARY VOTE,P.102,BANGI,N.27,BALAKONG,102/27/11,TAMAN SRI BAHAGIA,SEKOLAH KEBANGSAAN BANDAR TUN HUSSEIN ONN (2) CHERAS,8,152,MCA,TAN CHEE TEONG,MALE,40,19,DAP,WONG SIEW KI,FEMALE,32,133,152,0,0
P.102_N.27_102/27/12_1,SELANGOR,ORDINARY VOTE,P.102,BANGI,N.27,BALAKONG,102/27/12,BALAKONG JAYA,SEKOLAH MENENGAH KEBANGSAAN DESA SERDANG,1,162,MCA,TAN CHEE TEONG,MALE,40,25,DAP,WONG SIEW KI,FEMALE,32,126,151,11,0
P.102_N.27_102/27/12_2,SELANGOR,ORDINARY VOTE,P.102,BANGI,N.27,BALAKONG,102/27/12,BALAKONG JAYA,SEKOLAH MENENGAH KEBANGSAAN DESA SERDANG,2,193,MCA,TAN CHEE TEONG,MALE,40,30,DAP,WONG SIEW KI,FEMALE,32,157,187,6,0
P.102_N.27_102/27/12_3,SELANGOR,ORDINARY VOTE,P.102,BANGI,N.27,BALAKONG,102/27/12,BALAKONG JAYA,SEKOLAH MENENGAH KEBANGSAAN DESA SERDANG,3,294,MCA,TAN CHEE TEONG,MALE,40,39,DAP,WONG SIEW KI,FEMALE,32,249,288,6,0
P.102_N.27_102/27/12_4,SELANGOR,ORDINARY VOTE,P.102,BANGI,N.27,BALAKONG,102/27/12,BALAKONG JAYA,SEKOLAH MENENGAH KEBANGSAAN DESA SERDANG,4,243,MCA,TAN CHEE TEONG,MALE,40,26,DAP,WONG SIEW KI,FEMALE,32,212,238,5,0
P.102_N.27_102/27/12_5,SELANGOR,ORDINARY VOTE,P.102,BANGI,N.27,BALAKONG,102/27/12,BALAKONG JAYA,SEKOLAH MENENGAH KEBANGSAAN DESA SERDANG,5,244,MCA,TAN CHEE TEONG,MALE,40,23,DAP,WONG SIEW KI,FEMALE,32,221,244,0,0
P.102_N.27_102/27/13_1,SELANGOR,ORDINARY VOTE,P.102,BANGI,N.27,BALAKONG,102/27/13,TAMING JAYA,SEKOLAH KEBANGSAAN TAMING JAYA,1,204,MCA,TAN CHEE TEONG,MALE,40,36,DAP,WONG SIEW KI,FEMALE,32,167,203,1,0
P.102_N.27_102/27/13_2,SELANGOR,ORDINARY VOTE,P.102,BANGI,N.27,BALAKONG,102/27/13,TAMING JAYA,SEKOLAH KEBANGSAAN TAMING JAYA,2,194,MCA,TAN CHEE TEONG,MALE,40,36,DAP,WONG SIEW KI,FEMALE,32,158,194,0,0
P.102_N.27_102/27/13_3,SELANGOR,ORDINARY VOTE,P.102,BANGI,N.27,BALAKONG,102/27/13,TAMING JAYA,SEKOLAH KEBANGSAAN TAMING JAYA,3,295,MCA,TAN CHEE TEONG,MALE,40,46,DAP,WONG SIEW KI,FEMALE,32,247,293,2,0
P.102_N.27_102/27/13_4,SELANGOR,ORDINARY VOTE,P.102,BANGI,N.27,BALAKONG,102/27/13,TAMING JAYA,SEKOLAH KEBANGSAAN TAMING JAYA,4,281,MCA,TAN CHEE TEONG,MALE,40,41,DAP,WONG SIEW KI,FEMALE,32,239,280,1,0
P.102_N.27_102/27/13_5,SELANGOR,ORDINARY VOTE,P.102,BANGI,N.27,BALAKONG,102/27/13,TAMING JAYA,SEKOLAH KEBANGSAAN TAMING JAYA,5,244,MCA,TAN CHEE TEONG,MALE,40,23,DAP,WONG SIEW KI,FEMALE,32,218,241,3,0
P.102_N.27_102/27/13_6,SELANGOR,ORDINARY VOTE,P.102,BANGI,N.27,BALAKONG,102/27/13,TAMING JAYA,SEKOLAH KEBANGSAAN TAMING JAYA,6,221,MCA,TAN CHEE TEONG,MALE,40,20,DAP,WONG SIEW KI,FEMALE,32,201,221,0,0
P.102_N.27_102/27/13_7,SELANGOR,ORDINARY VOTE,P.102,BANGI,N.27,BALAKONG,102/27/13,TAMING JAYA,SEKOLAH KEBANGSAAN TAMING JAYA,7,177,MCA,TAN CHEE TEONG,MALE,40,21,DAP,WONG SIEW KI,FEMALE,32,156,177,0,0
P.102_N.27_102/27/13_8,SELANGOR,ORDINARY VOTE,P.102,BANGI,N.27,BALAKONG,102/27/13,TAMING JAYA,SEKOLAH KEBANGSAAN TAMING JAYA,8,215,MCA,TAN CHEE TEONG,MALE,40,34,DAP,WONG SIEW KI,FEMALE,32,180,214,1,0
P.102_N.27_102/27/14_1,SELANGOR,ORDINARY VOTE,P.102,BANGI,N.27,BALAKONG,102/27/14,SUNGAI CHUA SATU,SEKOLAH RENDAH JENIS KEBANGSAAN (CINA) SUNGAI CHUA,1,133,MCA,TAN CHEE TEONG,MALE,40,24,DAP,WONG SIEW KI,FEMALE,32,109,133,0,0
P.102_N.27_102/27/14_2,SELANGOR,ORDINARY VOTE,P.102,BANGI,N.27,BALAKONG,102/27/14,SUNGAI CHUA SATU,SEKOLAH RENDAH JENIS KEBANGSAAN (CINA) SUNGAI CHUA,2,173,MCA,TAN CHEE TEONG,MALE,40,24,DAP,WONG SIEW KI,FEMALE,32,144,168,5,0
P.102_N.27_102/27/14_3,SELANGOR,ORDINARY VOTE,P.102,BANGI,N.27,BALAKONG,102/27/14,SUNGAI CHUA SATU,SEKOLAH RENDAH JENIS KEBANGSAAN (CINA) SUNGAI CHUA,3,272,MCA,TAN CHEE TEONG,MALE,40,34,DAP,WONG SIEW KI,FEMALE,32,238,272,0,0
P.102_N.27_102/27/14_4,SELANGOR,ORDINARY VOTE,P.102,BANGI,N.27,BALAKONG,102/27/14,SUNGAI CHUA SATU,SEKOLAH RENDAH JENIS KEBANGSAAN (CINA) SUNGAI CHUA,4,260,MCA,TAN CHEE TEONG,MALE,40,34,DAP,WONG SIEW KI,FEMALE,32,226,260,0,0
P.102_N.27_102/27/14_5,SELANGOR,ORDINARY VOTE,P.102,BANGI,N.27,BALAKONG,102/27/14,SUNGAI CHUA SATU,SEKOLAH RENDAH JENIS KEBANGSAAN (CINA) SUNGAI CHUA,5,242,MCA,TAN CHEE TEONG,MALE,40,26,DAP,WONG SIEW KI,FEMALE,32,215,241,1,0
P.102_N.27_102/27/14_6,SELANGOR,ORDINARY VOTE,P.102,BANGI,N.27,BALAKONG,102/27/14,SUNGAI CHUA SATU,SEKOLAH RENDAH JENIS KEBANGSAAN (CINA) SUNGAI CHUA,6,231,MCA,TAN CHEE TEONG,MALE,40,19,DAP,WONG SIEW KI,FEMALE,32,211,230,1,0
P.102_N.27_102/27/14_7,SELANGOR,ORDINARY VOTE,P.102,BANGI,N.27,BALAKONG,102/27/14,SUNGAI CHUA SATU,SEKOLAH RENDAH JENIS KEBANGSAAN (CINA) SUNGAI CHUA,7,213,MCA,TAN CHEE TEONG,MALE,40,29,DAP,WONG SIEW KI,FEMALE,32,184,213,0,0
P.102_N.27_102/27/14_8,SELANGOR,ORDINARY VOTE,P.102,BANGI,N.27,BALAKONG,102/27/14,SUNGAI CHUA SATU,SEKOLAH RENDAH JENIS KEBANGSAAN (CINA) SUNGAI CHUA,8,218,MCA,TAN CHEE TEONG,MALE,40,22,DAP,WONG SIEW KI,FEMALE,32,196,218,0,0
P.102_N.27_102/27/14_9,SELANGOR,ORDINARY VOTE,P.102,BANGI,N.27,BALAKONG,102/27/14,SUNGAI CHUA SATU,SEKOLAH RENDAH JENIS KEBANGSAAN (CINA) SUNGAI CHUA,9,218,MCA,TAN CHEE TEONG,MALE,40,21,DAP,WONG SIEW KI,FEMALE,32,196,217,1,0
P.102_N.27_102/27/14_10,SELANGOR,ORDINARY VOTE,P.102,BANGI,N.27,BALAKONG,102/27/14,SUNGAI CHUA SATU,SEKOLAH RENDAH JENIS KEBANGSAAN (CINA) SUNGAI CHUA,10,244,MCA,TAN CHEE TEONG,MALE,40,26,DAP,WONG SIEW KI,FEMALE,32,218,244,0,0
P.102_N.27_102/27/15_11,SELANGOR,ORDINARY VOTE,P.102,BANGI,N.27,BALAKONG,102/27/15,SUNGAI CHUA DUA,SEKOLAH RENDAH JENIS KEBANGSAAN (CINA) SUNGAI CHUA,11,167,MCA,TAN CHEE TEONG,MALE,40,36,DAP,WONG SIEW KI,FEMALE,32,128,164,3,0
P.102_N.27_102/27/15_12,SELANGOR,ORDINARY VOTE,P.102,BANGI,N.27,BALAKONG,102/27/15,SUNGAI CHUA DUA,SEKOLAH RENDAH JENIS KEBANGSAAN (CINA) SUNGAI CHUA,12,202,MCA,TAN CHEE TEONG,MALE,40,26,DAP,WONG SIEW KI,FEMALE,32,176,202,0,0
P.102_N.27_102/27/15_13,SELANGOR,ORDINARY VOTE,P.102,BANGI,N.27,BALAKONG,102/27/15,SUNGAI CHUA DUA,SEKOLAH RENDAH JENIS KEBANGSAAN (CINA) SUNGAI CHUA,13,280,MCA,TAN CHEE TEONG,MALE,40,23,DAP,WONG SIEW KI,FEMALE,32,256,279,1,0
P.102_N.27_102/27/15_14,SELANGOR,ORDINARY VOTE,P.102,BANGI,N.27,BALAKONG,102/27/15,SUNGAI CHUA DUA,SEKOLAH RENDAH JENIS KEBANGSAAN (CINA) SUNGAI CHUA,14,261,MCA,TAN CHEE TEONG,MALE,40,31,DAP,WONG SIEW KI,FEMALE,32,227,258,3,0
P.102_N.27_102/27/15_15,SELANGOR,ORDINARY VOTE,P.102,BANGI,N.27,BALAKONG,102/27/15,SUNGAI CHUA DUA,SEKOLAH RENDAH JENIS KEBANGSAAN (CINA) SUNGAI CHUA,15,233,MCA,TAN CHEE TEONG,MALE,40,35,DAP,WONG SIEW KI,FEMALE,32,198,233,0,0
P.102_N.27_102/27/15_16,SELANGOR,ORDINARY VOTE,P.102,BANGI,N.27,BALAKONG,102/27/15,SUNGAI CHUA DUA,SEKOLAH RENDAH JENIS KEBANGSAAN (CINA) SUNGAI CHUA,16,223,MCA,TAN CHEE TEONG,MALE,40,36,DAP,WONG SIEW KI,FEMALE,32,187,223,0,0
P.102_N.27_102/27/16_1,SELANGOR,ORDINARY VOTE,P.102,BANGI,N.27,BALAKONG,102/27/16,SUNGAI CHUA TIGA,"PUSAT REKREASI (DEWAN TERTUTUP) JAWATANKUASA KEMAJUAN DAN KESELAMATAN SUNGAI CHUA, KAJANG",1,144,MCA,TAN CHEE TEONG,MALE,40,18,DAP,WONG SIEW KI,FEMALE,32,124,142,2,0
P.102_N.27_102/27/16_2,SELANGOR,ORDINARY VOTE,P.102,BANGI,N.27,BALAKONG,102/27/16,SUNGAI CHUA TIGA,"PUSAT REKREASI (DEWAN TERTUTUP) JAWATANKUASA KEMAJUAN DAN KESELAMATAN SUNGAI CHUA, KAJANG",2,231,MCA,TAN CHEE TEONG,MALE,40,24,DAP,WONG SIEW KI,FEMALE,32,207,231,0,0
P.102_N.27_102/27/17_3,SELANGOR,ORDINARY VOTE,P.102,BANGI,N.27,BALAKONG,102/27/17,SUNGAI CHUA EMPAT,"PUSAT REKREASI (DEWAN TERTUTUP) JAWATANKUASA KEMAJUAN DAN KESELAMATAN SUNGAI CHUA, KAJANG",3,177,MCA,TAN CHEE TEONG,MALE,40,31,DAP,WONG SIEW KI,FEMALE,32,143,174,3,0
P.102_N.27_102/27/17_4,SELANGOR,ORDINARY VOTE,P.102,BANGI,N.27,BALAKONG,102/27/17,SUNGAI CHUA EMPAT,"PUSAT REKREASI (DEWAN TERTUTUP) JAWATANKUASA KEMAJUAN DAN KESELAMATAN SUNGAI CHUA, KAJANG",4,225,MCA,TAN CHEE TEONG,MALE,40,32,DAP,WONG SIEW KI,FEMALE,32,185,217,8,0
P.102_N.27_102/27/17_5,SELANGOR,ORDINARY VOTE,P.102,BANGI,N.27,BALAKONG,102/27/17,SUNGAI CHUA EMPAT,"PUSAT REKREASI (DEWAN TERTUTUP) JAWATANKUASA KEMAJUAN DAN KESELAMATAN SUNGAI CHUA, KAJANG",5,274,MCA,TAN CHEE TEONG,MALE,40,43,DAP,WONG SIEW KI,FEMALE,32,230,273,1,0
P.102_N.27_102/27/18_1,SELANGOR,ORDINARY VOTE,P.102,BANGI,N.27,BALAKONG,102/27/18,SUNGAI CHUA LIMA,DEWAN ORANG RAMAI SUNGAI CHUA,1,179,MCA,TAN CHEE TEONG,MALE,40,44,DAP,WONG SIEW KI,FEMALE,32,134,178,1,0
P.102_N.27_102/27/18_2,SELANGOR,ORDINARY VOTE,P.102,BANGI,N.27,BALAKONG,102/27/18,SUNGAI CHUA LIMA,DEWAN ORANG RAMAI SUNGAI CHUA,2,227,MCA,TAN CHEE TEONG,MALE,40,36,DAP,WONG SIEW KI,FEMALE,32,189,225,2,0
P.102_N.27_102/27/18_3,SELANGOR,ORDINARY VOTE,P.102,BANGI,N.27,BALAKONG,102/27/18,SUNGAI CHUA LIMA,DEWAN ORANG RAMAI SUNGAI CHUA,3,368,MCA,TAN CHEE TEONG,MALE,40,39,DAP,WONG SIEW KI,FEMALE,32,327,366,2,0
P.102_N.27_102/27/18_4,SELANGOR,ORDINARY VOTE,P.102,BANGI,N.27,BALAKONG,102/27/18,SUNGAI CHUA LIMA,DEWAN ORANG RAMAI SUNGAI CHUA,4,284,MCA,TAN CHEE TEONG,MALE,40,27,DAP,WONG SIEW KI,FEMALE,32,256,283,1,0
